nop;masukkan_nomor_npwp_badan_usaha;masukkan_alamat_npwp_anda;x;y
317503100101500130;210364048043000;JL. Raya Boulevard Barat Blok XC.07, Kelapa Gading barat, Kelapa Gading, Jakarta utara;106,898393;-6,156829422
317103000602504570;210364048017001;JL. Pejaten Raya No. 45 A, Rt 04/06 Kel. pejaten barat Kec. Psr Minggu, Jakarta Selatan;106,8395502;-6,279139455
;026279277451001;Kp KaduRT 003/001 Bunder Cikupa Tangerang;106,7811;-6,15067
317105000600700150;210364048019002;JL. Bulungan No. 18, Rt 011/07 Kel. Kramat Pela Kec.Kebayoran baru, Jakarta Selatan;106,7961154;-6,242726597
317104000500100030;210364048014004;Gedung Telkom Landmark Tower Lt 8 Unit R 5-6, JL. Jend. Gatot Subroto Kav. 52;106,8179503;-6,230395079
317105000400200060;210364048064001;JL. Wolter Monginsidi No. 62;106,8115514;-6,239146766
;026279277451001;Kp Kadu RT 003/001 Bunder Cikupa Tangerang;106,7270336;-6,129422171
317105000500701280;210364048064002;JL. Melawai raya no. 16 Rt 02/01 kel. melawai kec.keb baru, jakarta selatan;106,8000982;-6,245747993
317107000300401170;210364048015001;JL. Lapangan Roos raya No. 36 F, Rt 001/01 tebet timur Kec. Tebet , Jakarta Selatan;106,8580581;-6,225889035
317104100600100010;210364048061002;SMESCO TOWER , JL. Jend Gatot Subroto Kav. 94 Kel. Pancoran Kec. Pancoran, Jakarta Selatan;106,8362206;-6,241967465
317405000201500010;210364048032003;JL. Hayam Wuruk No. 108 Kel. Maphar Kec. Tamansari , Jakarta Barat;106,817622;-6,151783849
317405000200802340;210364048011000;Graha Familymart Lt 3A JL. Setiabudi selatan Kav. 10;106,8187223;-6,156369206
317106000400400180;210364048011008;Gedung Puri Matari 2 Lt GF, JL. HR.Rasuna Said Kav. H 1-2;106,8292903;-6,21383957
317306000102901010;210364048011000;Graha Familymart Lt 3A, JL. Setiabudi Selatan Kav. 10;106,8307785;-6,167403229
317105000601300110;210364048011000;Graha Familymart  Lt 3A , JL. Setiabudi Selatan Kav. 10;106,7918391;-6,24669949
;026279277451001;Kp Kadu RT 003/001 Bunder Cikupa Tangerang;106,7372394;-6,222737335
317405000600935470;210364048032002;JL.HAYAM WURUK NO. 127 LTC GLODOK;106,8175618;-6,145407238
317301000300403450;210364048022007;JL. KH. MAS MANSYUR KAV. 35;106,8168675;-6,205493635
;84.503.770.4-416.000;Gedung ALFA TOWER Lt.28, Jl. Jalur Sutera Bar. No.Kav. 7, RW.9, Panunggangan Tim., Kec. Pinang, Kota Tangerang, Banten 15143;106,8240676;-6,1877594
317503100301814780;210364048043006;JL. Pegangsaan Dua No. 3;106,9169339;-6,153785095
317106000201001670;210364048067002;GD. PATRA JASA OFFICE TOWER , LT. DASAR RUANG E.2, JL. JEND. GATOT SUBROTO KAV. 32-34;106,8230369;-6,233457456
31.72.020.007.005-0078.0;01.336.238.09-403.001;Jl. Raya Karadenan Rt. 01 Rw. 10, Bojong Kulur, Gunung Putri, Bogor;106,8675593;-6,2463015
;;;106,7168938;-6,139584326
31.75.030.004.005.0444.0;013362389054000;GEDUNG ALFA TOWER lantai 12 Jalan Jalur Sutera Barat KAV 9 Alam Sutera Penunggangan Timur Pinang Kota Tangerang;106,9188967;-6,116267714
317305000500800610;013362389054000;GEDUNG ALFA TOWER lantai 12 Jalan Jalur Sutera Barat KAV 9 Alam Sutera Penunggangan Timur Pinang Kota Tangerang;106,85579;-6,16647
;026279277451001;Kp Kadu RT 003/001 Bunder Cikupa Tangerang;106,8753995;-6,329441246
;84.503.770.4-416.000;GEDUNG ALFA TOWER Lt 28Jl. Jalur Sutera Bar. No.Kav. 7, RW.9, Panunggangan Tim., Kec. Pinang, Kota Tangerang, Banten 15143;106,8585148;-6,1902753
21.72.050.022.0080.0;013362389054000;GEDUNG ALFA TOWER lantai 12 Jalan Jalur Sutera Barat KAV 9 Alam Sutera Penunggangan Timur Pinang Kota Tangerang;106,6647552;-6,2332928
;026279277451001;Kp. Kadu RT 003/001 Bunder Cikupa Tangerang;106,885111;-6,223221337
5i.7J, .031.002.018~0455:.Q.;013362389054000;GEDUNG ALFA TOWER Lantai 12 Jalan Jalur Sutera Barat Kav. 9 Alam Sutera Panunggangan Timur Pinang Kota Tangerang Banten;106,8207485;-6,347044079
31.72.031.006.003.001.0;013362389054000;GEDUNG ALFA TOWER Lantai 12 Jalan Jalur Sutera Barat Kav. 9 Alam Sutera Panunggangan Timur Pinang Kota Tangerang Banten;106,778499;-6,309692237
-;013362389054000;GEDUNG ALFA TOWER Lantai 12 Jalan Jalur Sutera Barat Kav. 9 Alam Sutera Panunggangan Timur Pinang Kota Tangerang Banten;106,8151688;-6,247464733
;013379946092000;Jl. Ancol I/9-10 Kel. Ancol Kec. Pademangan Jakarta Utara;106,9049269;-6,159724791
;026279277451001;Kp. Kadu RT 003/001 Bunder Cikupa Tangerang;106,8559219;-6,275917327
317204000300500330;013362389054000;GEDUNG ALFA TOWER LANTAI 12 KAV 9 JALAN JALUR SUTERA BARAT ALAM SUTERA PANUNGGANGAN TIMUR PINANG KOTA TANGERANG BANTEN;106,8788655;-6,213062613
317501100200412850;013362389054000;GEDUNG ALFA TOWER Lantai 12 Jalan Jalur Sutera Barat Kav. 9 Alam Sutera Panunggangan Timur Pinang Kota Tangerang Banten;106,8389501;-6,131214011
317203100400803570;013362389054000;GEDUNG ALFA TOWER LANTAI 12 KAV 9 JALAN SUTERA BARAT ALAM SUTERA PANUNGGANGAN TIMUR PINANG KOTA TANGERANG BANTEN;106,9450917;-6,228414
317502000201100920;013379946092000;Jl. Ancol I/9-10 Kel. Ancol Kec. Pademangan Jakarta Utara;106,8626675;-6,150886406
317206000202302780;013362389054000;GEDUNG ALFA TOWER LANTAI 12 KAV 8 JALAN SUTERA BARAT ALAM SUTERA PANUNGGANGAN TIMUR PINANG KOTA TANGERANG BANTEN;106,9350923;-6,200836645
317307000100400620;13362389054000;GEDUNG ALFA TOWER Lantai 12 Jalan Jalur Sutera Barat Kav. 9 Alam Sutera Panunggangan Timur Pinang Kota Tangerang Banten;106,8087525;-6,171273668
317303000100900950;210364048011000;GRAHA FAMILYMART LT 3A, JL. SETIABUDI SELATAN KAV. 10;106,8517543;-6,200455263
317301000301700770;210364048022004;GD. ANZ TOWER LT. LOBBY , JL. JEND. SUDIRMAN KAV. 33 A;106,8175136;-6,213559014
;013379946092000;Jl. Ancol I/9-10 Kel. Ancol Kec. Pademangan Jakarta Utara;106,9049443;-6,159759622
317504000206001480;013379946092000;Jl. Ancol I/9-10 Kel. Ancol Kec. Pademangan Jakarta Utara;106,9446635;-6,15397698
;84.503.770.4-416.000;GEDUNG ALFA TOWER LT.28 ,Jl. Jalur Sutera Bar. No.Kav. 7, RW.9, Panunggangan Tim., Kec. Pinang, Kota Tangerang, Banten 15143;106,8019775;-6,2270654
317503100101500050;013379946092000;Jl. Ancol I/9-10 Kel. Ancol Kec. Pademangan Jakarta Utara;106,9015163;-6,158420843
;84.503.770.4-416.000;GEDUNG ALFA TOWER Lt.28Jl. Jalur Sutera Bar. No.Kav. 7, RW.9, Panunggangan Tim., Kec. Pinang, Kota Tangerang, Banten 15143;106,8631744;-6,1928313
;84.503.770.4-416.000;GEDUNG ALFATOWER Lt. 28,Jl. Jalur Sutera Bar. No.Kav. 7, RW.9, Panunggangan Tim., Kec. Pinang, Kota Tangerang, Banten 15143;106,8247312;-6,1977542
317203000801200870;013379946092000;Jl. Ancol I/9-10 Kel. Ancol Kec. Pademangan Jakarta Utara;106,8625292;-6,215551199
;02.672.927.7-451.001;KP KADU RT 003 RW 001, BUNDER/CIKUPA , TANGERANG;106,860046;-6,2910598
;02.672.927.7-451.001;KP KADU RT 003 RW 001, BUNDER/CIKUPA , TANGERANG;106,9185305;-6,2204671
;84.503.770.4-416.000;GEDUNG ALFATOWER Lt 28, Jl. Jalur Sutera Bar. No.Kav. 7, RW.9, Panunggangan Tim., Kec. Pinang, Kota Tangerang, Banten 15143;106,7992459;-6,223545
;02.672.927.7-451.001;KP KADU RT 003 RW 001, BUNDER/CIKUPA , TANGERANG;106,8960634;-6,3499679
;02.672.927.7-451.001;KP KADU 003/001,BUNDER/CIKUPA , TANGERANG;106,869167;-6,1435954
;02.672.927.7-451.001;KP KADU RT 003 RW 001, BUNDER/CIKUPA , TANGERANG;106,9426322;-6,2447742
;02.672.927.7-451.001;KP KADU RT 003 RW 001, BUNDER/CIKUPA , TANGERANG;106,9000468;-6,2175784
;;;106,7477704;-6,132186846
;;;106,7148886;-6,148306568
317504000100400010;013379946092000;Jl. Ancol I/9-10 Kel. Ancol Kec. Pademangan Jakarta Utara;106,9232782;-6,144933056
;02.672.927.7-451.001;KP KADU 003/001,BUNDER/CIKUPA, TANGERANG;106,9009747;-6,1870758
;;;106,7304069;-6,154613324
317501000400500280;210364048047001;JL. Pluit karang ayu Blok B. I Utara Lt GF Unit GC 19-26;106,7788922;-6,108448553
;;;106,7649907;-6,14526638
-;013362389054000;GEDUNG ALFA TOWER lantai 12 Jalan Jalur Sutera Barat KAV 9 Alam Sutera Penunggangan Timur Pinang Kota Tangerang;106,9215472;-6,248831676
;01.337.994.6-092.000;JL. ANCOL BARAT 1 NO. 09-10;106,86646;-6,2686
317503100104819710;210364048043003;JL. BOULEVARD BARAT RAYA, ITALIAN WALK BLOK. B 55-56;106,8904714;-6,15105132
317202000700100970;210364048005002;JL. MT. HARYONO KAV. 20;106,8660883;-6,244698783
;84.503.770.4-416.000;GEDUNG ALFATOWER Lt. 28 ,Jl. Jalur Sutera Bar. No.Kav. 7, RW.9, Panunggangan Tim., Kec. Pinang, Kota Tangerang, Banten 15143;106,8438441;-6,173919
317105000500600450;210364048064003;JL. ISKANDARSYAH II NO. 2;106,803605;-6,244963681
31710300300201550;210364048017003;18 OFFICE PARK, JL. TB. SIMATUPANG NO. 18;106,8315148;-6,299245321
317104100200800040;210364048061001;JL. KALIBATA RAYA NO. 1;106,8532706;-6,25658945
317301000300300910;210364048022001;GD. WISMA KEIAI LT. 1 , JL. JENDERAL SUDIRMAN KAV. 3;106,8215088;-6,205970175
317103000100601780;210364048017002;GD. RATU PRABU 2 LT. GF , JL. TB.SIMATUPANG KAV. 1 B;106,8085726;-6,291475585
317305000401500950;01.337.994.6-092.000;Jl. Ancol I/9-10 Kel. Ancol Kec. Pademangan Jakarta Utara;106,8577591;-6,161767112
317203100201205500;013379946092000;Jl. Ancol I/9-10 Kel. Ancol Kec. Pademangan Jakarta Utara;106,9235492;-6,221213865
;013379946403002;JL. ALTERNATIF SENTUL KANDANG RODA RT 01 / 010;106,8836278;-6,351966667
;026279277451001;Kp. Kadu RT 003/001 Bunder Cikupa Tangerang;106,8601374;-6,291027239
;84.503.770.4-416.000;GEDUNG ALFA TOWER Lt. 28 ,Jl. Jalur Sutera Bar. No.Kav. 7, RW.9, Panunggangan Tim., Kec. Pinang, Kota Tangerang, Banten 15143;106,8203983;-6,2092415
317104000500600430;210364048014001;GD.CITY PLAZA-WISMA MULIA, JL. JEND.GATOT SUBROTO NO. 42;106,8235159;-6,23579622
;026279277451001;Kp Kadu RT 003/001 Bunder Cikupa Tangerang;106,8662574;-6,249320133
317106000400100210;210364048011001;GD. WTC 2 LT LG , JL. JEND. SUDIRMAN KAV. 29-31;106,8214965;-6,215371496
;026279277451001;Kp Kadu RT 003/001 Bunder Cikupa Tangerang;106,852516;-6,329929228
;026279277451001;Kp Kadu RT 003/001 Bunder Cikupa Tangerang;106,8676432;-6,234974447
;026279277451001;Kp Kadu RT 003/001 Bunder Cikupa Tangerang;106,935033;-6,245571337
;026279277451001;Kp Kadu RT 003/002 Bunder Cikupa Tangerang;106,8683017;-6,287990891
;02.672.972.7-451.001;KP KADU 003/001,BUNDER/CIKUPA ,TANGERANG;106,9073604;-6,3093161
;026279277451001;Kp Kadu RT 003/001 Bunder Cikupa Tangerang;106,8867802;-6,369422918
;02.672.927.7-451.001;KP KADU 003/001, BUNDER,CIKUPA ,TANGERANG;106,7945759;-6,2808783
317107000102403090;210364048015002;GD. MENARA BIDAKARA 1 LT. DASAR, JL. JEND.GATOT SUBROTO KAV. 71-73;106,8412108;-6,241665274
317502000600800010;013362389054000;GEDUNG ALFA TOWER lantai 12 Jalan Jalur Sutera Barat KAV 9 Alam Sutera Penunggangan Timur Pinang Kota Tangerang;106,6637973;-6,233127308
317107000102403090;210364048015002;GD MENARA BIDAKARA , JL. JEND. GATOT SUBROTO KAV. 71-73;106,8414236;-6,24071378
317106000200236340;210364048067003;GD. THE EAST LT. 2 UNIT 01, JL. Dr. Ide Anak Agung Gde Agung Kav. E.3.2.No. 1;106,8250768;-6,229232087
317106000100500070;210364048063001;GD. MENARA MULIA SUITE LG-10, JL. JEND. GATOT SUBROTO KAV. 9-11;106,8169058;-6,224252113
317106000700905750;210364048018007;JL. HR. RASUNA SAID  LANTAI LG-02 NO. 1;106,8316075;-6,210249991
;02.673.927.7-451.001;KP KADU 003/001 ,BUNDER/CIKUPA, TANGERANG;106,8821363;-6,150085239
317301000300200030;210364048022005;WISMA 46-KOTA BNI LT .1 SUITE 1.04, JL. JEND. SUDIRMAN KAV. 1;106,8204654;-6,20360634
;026279277451001;Kp Kadu RT 003/001 Bunder Cikupa Tangerang;106,9350519;-6,245488891
;026279277451001;Kp Kadu RT 003/001 Bunder Cikupa Tangerang;106,9365451;-6,224502668
;026279277451001;Kp Kadu RT 003/001 Bunder Cikupa Tangerang;106,897717;-6,197909706
317105001000100070;210364048012004;GD.CIMB NIAGA LT.BASEMENT ,JL. JEND. SUDIRMAN KAV. 58;106,8058565;-6,225010589
317106000800100010;210364048018001;LANDMARK CENTRE TOWER 1 LT. GF, JL. JEND. SUDIRMAN NO. 1;106,8241419;-6,203780273
317503100100301910;013362389054000;GEDUNG ALFA TOWER lantai 12 Jalan Jalur Sutera Barat KAV 9 Alam Sutera Penunggangan Timur Pinang Kota Tangerang;106,6647552;-6,2332928
317502000103800250;013362389054000;GEDUNG ALFA TOWER lantai 12 Jalan Jalur Sutera Barat KAV 9 Alam Sutera Penunggangan Timur Pinang Kota Tangerang;106,8639018;-6,145533233
317503100104206400;013362389054000;GEDUNG ALFA TOWER lantai 12 Jalan Jalur Sutera Barat KAV 9 Alam Sutera Penunggangan Timur Pinang Kota Tangerang;106,8947127;-6,147006064
317502000500302700;013362389054000;GEDUNG ALFA TOWER lantai 12 Jalan Jalur Sutera Barat KAV 9 Alam Sutera Penunggangan Timur Pinang Kota Tangerang;106,8720968;-6,122318407
;026279277451001;Kp Kadu RT 003/001 Bunder Cikupa Tangerang;106,8627344;-6,286414889
317503100104200700;013362389054000;GEDUNG ALFA TOWER lantai 12 Jalan Jalur Sutera Barat KAV 9 Alam Sutera Penunggangan Timur Pinang Kota Tangerang;106,8533786;-6,181768042
;84.503.770.4-461.000;GEDUNG ALFA TOWER LT.28 ,Jl. Jalur Sutera Bar. No.Kav. 7, RW.9, Panunggangan Tim., Kec. Pinang, Kota Tangerang, Banten 15143;106,8344464;-6,239808502
317106000200200770;210364048067001;GD. MENARA PRIMA LT. BASEMENT , KAWASAN MEGA KUNINGAN;106,8262504;-6,230376661
317105001000100210;210364048012001;GED. BURSA EFEK INDONESIA TOWER 2 LT. 1 SUITE 105, JL. JEND. SUDIRMAN KAV. 52-53;106,8087008;-6,22398388
;;026279277451001;106,8911218;-6,225320413
;02.672.927.7-451.001;KP KADU RT 003 RW 001,BUNDER/CIKUPA , TANGERANG;106,9066814;-6,1152026
317401000502902010;210364048039001;APT MENARA KEBON JERUK LT. DASAR KION N0. 7, JL. ARJUNA UTARA;106,7779119;-6,186515068
3172031007001800030;013362389054000;GEDUNG ALFA TOWER lantai 12 Jalan Jalur Sutera Barat KAV 9 Alam Sutera Penunggangan Timur Pinang Kota Tangerang;106,9103385;-6,221032492
;84.503.770.4-416.000;GEDUNG ALFA TOWER Lt. 28 , Jl. Jalur Sutera Bar. No.Kav. 7, RW.9, Panunggangan Tim., Kec. Pinang, Kota Tangerang, Banten 15143;106,8756091;-6,1654112
;026279277451001;Kp Kadu RT 003/001 Bunder Cikupa Tangerang;106,8438784;-6,161734668
;026279277451001;Kp Kadu RT 003/001 Bunder Cikupa Tangerang;106,8618961;-6,183107638
;84.503.770.4-416.000;GEDUNG ALFATOWER Lt. 28 ,Jl. Jalur Sutera Bar. No.Kav. 7, RW.9, Panunggangan Tim., Kec. Pinang, Kota Tangerang, Banten 15143;106,8208318;-6,1926208
317203100105100540;013362389054000;GEDUNG ALFA TOWER lantai 12 Jalan Jalur Sutera Barat KAV 9 Alam Sutera Penunggangan Timur Pinang Kota Tangerang;106,8943011;-6,23046749
317503100101620370;013362389054000;GEDUNG ALFA TOWER lantai 12 Jalan Jalur Sutera Barat KAV 9 Alam Sutera Penunggangan Timur Pinang Kota Tangerang;106,906;-6,165
317201200500301090;013362389054000;GEDUNG ALFA TOWER lantai 12 Jalan Jalur Sutera Barat KAV 9 Alam Sutera Penunggangan Timur Pinang Kota Tangerang;106,8933728;-6,34165623
;02.672.927.7-451.001;KP KADU 003/001, BUNDER/CIKUPA, TANGERANG;106,818606;-6,1902498
317105001000100090;210364048012002;GED. SUMMITMAS 2 , JL. JEND SUDIRMAN KAV. 61-62;106,8045232;-6,226341939
;013379946403002;ALTERNATIF SENTUL KANDANG RODA RT 01 / 10;106,9014449;-6,339705305
;84.503.770.4-416.000;GEDUNG ALFATOWER Lt. 28, Jl. Jalur Sutera Bar. No.Kav. 7, RW.9, Panunggangan Tim., Kec. Pinang, Kota Tangerang, Banten 15143;106,8306786;-6,1767939
;01.337.994.6-092.000;JL ANCOL 1/9-10, KEL. ANCOL, KEC. PADEMANGAN, JAKARTA UTARA;106,84002;-6,1758
;026279277451001;Kp Kadu RT 003/001 Bunder Cikupa Tangerang;106,8579391;-6,174483408
317203000301800030;013379946092000;Jl. Ancol I/9-10 Kel. Ancol Kec. Pademangan Jakarta Utara;106,8778046;-6,235303913
-;013362389054000;GEDUNG ALFA TOWER lantai 12 Jalan Jalur Sutera Barat KAV 9 Alam Sutera Penunggangan Timur Pinang Kota Tangerang;106,9551534;-6,225252162
;01.337.994.6-092.000;JL.ANCOL 1/9-10 KELURAHAN ANCOL KECAMATAN PADEMANGAN JAKARTA UTARA;106,76381;-6,13595
;01.337.994.6-092.000;JL. ANCOL BARAT 1 NO. 9-10;106,7909026;-6,133335954
;01.337.994.6-092.000;JL. ANCOL BARAT 1 NO 09 - 10;106,8402895;-6,224478693
;01.337.994.6-092.000;JL. ANCOL BARAT 1 NO.09-10;106,8557019;-6,197637761
;84.503.770.4-416.000;GEDUNG ALFA TOWER LT.28 ,Jl. Jalur Sutera Bar. No.Kav. 7, RW.9, Panunggangan Tim., Kec. Pinang, Kota Tangerang, Banten 15143;106,8278203;-6,2293214
;02.672.927.7-451.001;KP KADU RT 003 RW 001,BUNDER/CIKUPA , TANGERANG;106,9166293;-6,1230504
;02.672.927.7-451.001;KP KADU 003/001,BUNDER/CIKUPA ,TANGERANG;106,8122125;-6,2119336
317503100101700370;013379946092000;Jl. Ancol I/9-10 Kel. Ancol Kec. Pademangan Jakarta Utara;106,8937934;-6,15905575
;02.672.927.7-451.001;KP KADU 003/001 ,BUNDER/CIKUPA ,TANGERANG;106,8032475;-6,3460011
;02.672.927.7-451.001;KP KADU 003/001,BUNDER/CIKUPA , TANGERANG;106,7603875;-6,2288862
;02.672.927.7-451.001;KP KADU 003/001,BUNDER/CIKUPA , TANGERANG;106,7570885;-6,2464908
;02.672.927.7-451.001;KP KADU 003/001,BUNDER/CIKUPA ,TANGERANG;106,8207464;-6,18906099
;01.337.994.6-092.000;JL. ANCOL BARAT 1 NO. 09-10;106,8194467;-6,217754239
317106000200200180;210364048011004;RDTX TOWER, JL. PTOF. DR. SATRIO KAV. E IV NO. 6;106,8254585;-6,224527867
317503100104800490;013379946092000;Jl. Ancol I/9-10 Kel. Ancol Kec. Pademangan Jakarta Utara;106,8925609;-6,150038079
;01.337.994.6-092.000;JL. ANCOL BARAT 1 NO 09-10;106,81703;-6,19674
;84.503.770.4-416.000;GEDUNG ALFA TOWER LT.28 ,Jl. Jalur Sutera Bar. No.Kav. 7, RW.9, Panunggangan Tim., Kec. Pinang, Kota Tangerang, Banten 15143;106,8504425;-6,2103553
;02.672.927.7-451.001;KP KADU RT 003 RW 001,BUNDER/CIKUPA , TANGERANG;106,9067588;-6,1128544
;02.672.927.7-451.001;KP KADU 003/001, BUNDER/CIKUPA,TANGERANG;106,8150092;-6,2723814
;02.672.927.7-451.001;KP KADU 003/001, BUNDER/CIKUPA ,TANGERANG;106,8282653;-6,3335739
;02.672.927.7-451.001;KP KADU 003/001, BUNDER/CIKUPA , TANGERANG;106,7797529;-6,2302931
;02.672.927.7-451.001;KP KADU 003/001,BUNDER/CIKUPA , TANGERANG;106,8212559;-6,2265654
317106000201003150;210364048011000;GRAHA FAMILYMART LT 3A, JL. SETIABUDI SELATAN KAV. 10;106,8216556;-6,231431372
;01.337.994.6-092.000;JL. ANCOL BARAT 1 NO. 09-10;106,8156381;-6,210443148
;84.503.770.4-416.000;GEDUNG ALFA TOWER Lt. 28 ,Jl. Jalur Sutera Bar. No.Kav. 7, RW.9, Panunggangan Tim., Kec. Pinang, Kota Tangerang, Banten 15143;106,8212521;-6,2072045
;01.337.994.6-092.000;JL. ANCOL BARAT 1 NO. 09-10;106,8301518;-6,176490663
;84.503.770.4-416.000;GEDUNG ALFA TOWER LT.28 ,Jl. Jalur Sutera Bar. No.Kav. 7, RW.9, Panunggangan Tim., Kec. Pinang, Kota Tangerang, Banten 15143;106,8236773;-6,2024404
;02.672.927.7-451.001;KP KADU 003/001 ,BUNDER/CIKUPA , TANGERANG;106,8808554;-6,1185203
;02.672.927.7-451.001;KP KADU 003/001, BUNDER/CIKUPA ,TANGERANG;106,8381449;-6,2844031
;02.672.927.7-451.001;KP KADU 003/001,BUNDER/CIKUPA , TANGERANG;106,818621;-6,3217227
;02.672.927.7-451.001;KP KADU 003/001,BUNDER/CIKUPA , TANGERANG;106,8254527;-6,24795
317104000500300040;210364048011000;GRAHA FAMILYMART LT. 3A ,JL. SETIABUDI SELATAN KAV. 10;106,8221952;-6,234269272
;84.503.770.4-416.000;GEDUNG ALFA TOWER LT. 28 ,Jl. Jalur Sutera Bar. No.Kav. 7, RW.9, Panunggangan Tim., Kec. Pinang, Kota Tangerang, Banten 15143;106,7376273;-6,2111728
317401000500504230;13362389054000;GEDUNG ALFA TOWER Lantai 12 Jalan Jalur Sutera Barat Kav. 9 Alam Sutera, Panunggangan Timur Pinang, Kota Tangerang, Banten;106,8207464;-6,18906099
317102000301507440;210364048016003;ALAMANDA TOWER LT. MEZZANINE;106,8046782;-6,291039839
;02.672.927.7-451.001;KP KADU 003/001,BUNDER/CIKUPA , TANGERANG;106,7350745;-6,220164
317503100101701520;013379946092000;Jl. Ancol I/9-10 Kel. Ancol Kec. Pademangan Jakarta Utara;106,8709603;-6,137311779
317403100700902590;13362389054000;GEDUNG ALFA TOWER Lantai 12 Jalan Jalur Sutera Barat Kav. 9 Alam Sutera, Panunggangan Timur Pinang, Kota Tangerang, Banten;106,8207464;-6,18906099
;;;106,7123642;-6,16525628
;;;106,7268784;-6,139681001
;210364048023002;JL. SENEN RAYA NO. 135-137;106,8393678;-6,173959106
;013379946403002;JL. ALTERNATIF SENTUL KANDANG RODA RT 01 / 010;106,8948939;-6,289864
317101000103602190;210364048013003;Pondok indah golf tower jasmine, lt dasar, jl. metro kencana IV;106,7849587;-6,27438642
;013379946403002;JL ALTERNATIF SENTUL KANDANG RODA , RT 01 / 010 , Desa Cijujung , Kecamatan Sukaraja Kab Bogor;106,8693183;-6,343628732
317301000301900020;210364048022006;GD. MENARA BATAVIA LT. BASEMENT 1, JL. KH. MAS MANSYUR KAV. 126;106,8156662;-6,210706903
317301000401903600;210364048011000;GRAHA FAMILYMART LT. 3A , JL. SETIABUDI SELATAN KAV. 10;106,8016661;-6,202154382
317106000100800070;210364048063003;GD. CENTENNIAL, JL. JEND. GATOT SUBROTO KAV. 24-25;106,8208412;-6,230085963
;02.672.927.7-451.001;KP KADU RT 003 RW 001 CIKUPA TANGERANG;106,7304842;-6,2188831
;02.672.927.7-451.001;KP RADU RT 003 RW 001 CIKUPA TANGERANG;106,7770729;-6,1986624
;02.672.927.7-451.001;KP KADU RT 003 RW 001 CIKUPA TANGERANG;106,7832109;-6,2051212
;02.672.927.7-451.001;KP KADU RT 003 RW 001 CIKUPA TANGERANG;106,6950812;-6,1459327
;02.672.927.7-451.001;KP KADU RT 003 RW 001 CIKUPA TANGERANG;106,7770288;-6,1726936
;02.672.927.7-451.001;KP KADU RT 003 RW 001 CKUPA TANGERANG;106,7263474;-6,1501311
;02.672.927.7-451.001;KP KADU RT 003 RW 001 CIKUPA TANGERANG;106,7688901;-6,2038557
;02.672.972.7-451.001;KP KADU RT 003 RW 001 CIKUPA TANGERANG;106,8213803;-6,1403047
;02.672.972.7-451.001;KP KADU RT 003 RW 001 CIKUPA TANGERANG;106,7201338;-6,1257641
;02.672.972.7-451.001;KP KADU RT 003 RW 001 CIKUPA TANGERANG;106,7278346;-6,1306211
317106000300800010;210364048011003;PLAZA KUNINGAN MENARA SELATAN, JL. HR.RASUNA SAID KAV. C 11-14;106,8315137;-6,217299366
;84.503.770.4-416.000;GEDUNG ALFA TOWER LT. 28 ,Jl. Jalur Sutera Bar. No.Kav. 7, RW.9, Panunggangan Tim., Kec. Pinang, Kota Tangerang, Banten 15143;106,818151;-6,149663
;02.672.972.7-451.001;KP KADU RT 003 RW 001 CIKUPA TANGERANG;106,7991039;-6,1764207
;02.672.972.7-451.001;KP KADU RT 003 RW 001 BUNDER/CIKUPA TANGERANG;106,7798434;-6,1582027
;02.672.972.7-451.001;KP KADU RT 003 RW 001 BUNDER/CIKUPA , TANGERANG;106,7187087;-6,133463696
;02.672.927.7-451.001;KP KADU 003/001, BUNDER/CIKUPA ,TANGERANG;106,7951715;-6,3016183
;;;106,7375487;-6,2125071
;02.672.927.7-451.001;KP KADU 003/001, BUNDER/CIKUPA ,TANGERANG;106,7304457;-6,2018324
317106000300600930;13362389054000;GEDUNG ALFA TOWER Lantai 12 Jalan Jalur Sutera Barat Kav. 9 Alam Sutera, Panunggangan Timur Pinang, Kota Tangerang, Banten;106,8280914;-6,215423176
;84.503.770.4-416.000;GEDUNG ALFA TOWER LT. 28 ,Jl. Jalur Sutera Bar. No.Kav. 7, RW.9, Panunggangan Tim., Kec. Pinang, Kota Tangerang, Banten 15143;106,7848778;-6,2005931
;01.337.994.6-092.000;JL .ANCOL BARAT 1 NO. 09-10;106,8163371;-6,218521337
;02.672.972.7-451.001;KP KADU RT 003 RW 001, BUNDER/CIKUPA , TANGERANG;106,7920465;-6,1641432
;01.337.994.6-092.000;JL. ANCOL BARAT 1 NO. 09-10;106,8321073;-6,219658845
;02.672.972.7-451.001;KP KADU RT 003 RW 001, BUNDER/CIKUPA , TANGERANG;106,7307743;-6,1326871
;84.503.770.4-416.000;GEDUNG ALFA TOWER LT.28 ,Jl. Jalur Sutera Bar. No.Kav. 7, RW.9, Panunggangan Tim., Kec. Pinang, Kota Tangerang, Banten 15143;106,8414141;-6,2516352
;02.672.972.7-451.001;KP KADU RT 003 RW 001, BUNDER/CIKUPA , TANGERANG;106,7244188;-6,1955086
;02.672.972.7-451.001;KP KADU RT 003 RW 001, BUNDER/CIKUPA , TANGERANG;106,7251851;-6,1650148
317502000201802250;013379946092000;Jl. Ancol I/9-10 Kel. Ancol Kec. Pademangan Jakarta Utara;106,887555;-6,150685978
;02.672.972.7-451.001;KP KADU RT 003 RW 001, BUNDER/CIKUPA , TANGERANG;106,7417436;-6,1286653
;02.672.972.7-451.001;KP KADU RT 003 RW 001, BUNDER/CIKUPA , TANGERANG;106,7935507;-6,2042013
;02.672.927.7-451.001;KP KADU 003/001,BUNDER/CIKUPA ,TANGERANG;106,8478145;-6,2268189
317107000701902650;13362389054000;GEDUNG ALFA TOWER Lantai 12 Jalan Jalur Sutera Barat Kav. 9 Alam Sutera, Panunggangan Timur Pinang, Kota Tangerang, Banten;106,8516448;-6,249450549
317106000500400530;13362389054000;GEDUNG ALFA TOWER Lantai 12 Jalan Jalur Sutera Barat Kav. 9 Alam Sutera, Panunggangan Timur Pinang, Kota Tangerang, Banten;106,8516448;-6,249450549
317106000300300080;13362389054000;GEDUNG ALFA TOWER Lantai 12 Jalan Jalur Sutera Barat Kav. 9 Alam Sutera, Panunggangan Timur Pinang, Kota Tangerang, Banten;106,8516448;-6,249450549
317106000300100090;13362389054000;GEDUNG ALFA TOWER Lantai 12 Jalan Jalur Sutera Barat Kav. 9 Alam Sutera, Panunggangan Timur Pinang, Kota Tangerang, Banten;106,8516448;-6,249450549
317504000401200100;013379946092000;Jl. Ancol I/9-10 Kel. Ancol Kec. Pademangan Jakarta Utara;106,944498;-6,10915777
;;;106,7081437;-6,140403553
;;;106,81588;-6,29466
;02.672.927.7-451.001;KP KADU RT 003 RW 001,BUNDER/CIKUPA , TANGERANG;106,8518786;-6,1696366
;013379946403002;JL ALTERNATIF SENTUL KANDANG RODA , RT 01 / 010 , Desa Cijujung , Kecamatan Sukaraja Kab Bogor;106,9078942;-6,284504159
;;;106,7071099;-6,143264689
;02.672.927.7-451.001;KP. KADU RT 003 RW 001, BUNDER/CIKUPA, TANGERANG;106,7443403;-6,2357391
;02.672.927.7-451.001;KP KADU RT 003 RW 001,BUNDER/CIKUPA , TANGERANG;106,9072782;-6,115943
;84.503.770.4-416.000;GEDUNG ALFA TOWER LT.28 ,Jl. Jalur Sutera Bar. No.Kav. 7, RW.9, Panunggangan Tim., Kec. Pinang, Kota Tangerang, Banten 15143;106,7826374;-6,2022477
;02.672.927.7-451.001;KP KADU RT 003 RW 001, BUNDER/CIKUPA , TANGERANG;106,8251055;-6,1609395
;02.672.927.7-451.001;KP. KADU RT 003 RW 001, BUNDER/CIKUPA,  TANGERANG;106,7629503;-6,1936654
;02.672.927.7-451.001;KP KADU RT 003 RW 001, BUNDER/CIKUPA, TANGERANG;106,7692123;-6,2080357
;02.672.927.7-451.001;KP KADU RT 003 RW 001, BUNDER/CIKUPA , TANGERANG;106,7717986;-6,1693337
;02.672.927.7-451.001;KP KADU RT 003 RW 001, BUNDER/CIKUPA, TANGERANG;106,7872699;-6,1820242
;02.672.927.7-451.001;KP KADU RT 003 RW 001, BUNDER/CIKUPA, TANGERANG;106,9006376;-6,1488551
317204000600200620;013379946092000;Jl. Ancol I/9-10 Kel. Ancol Kec. Pademangan Jakarta Utara;106,8698768;-6,195448981
;02.672.927.7-451.001;KP KADU RT 003 RW 001, BUNDER/CIKUPA , TANGERANG;106,745731;-6,2300291
;02.672.927.7-451.001;KP KADU RT 003 RW 001, BUNDER/CIKUPA , TANGERANG;106,7721085;-6,2354144
;02.672.927.7-451.001;KP KADU RT 003 RW 001,  BUNDER/CIKUPA , TANGERANG;106,7735593;-6,2486294
317503100101620390;013379946092000;Jl. Ancol I/9-10 Kel. Ancol Kec. Pademangan Jakarta Utara;106,8925218;-6,163161798
;02.672.927.7-451.001;KP KADU RT 003 RW 001, BUNDER/CIKUPA , TANGERANG;106,7785883;-6,2253888
;02.672.927.7-451.001;KP KADU RT 003 RW 001, BUNDER/CIKUPA , TANGERANG;106,7754224;-6,2648931
Jl. Pegangsaan Dua RG-10/08E Kel. Pegangsaan Dua Kec. Kelapa Gading Jakarta Utara;013379946092000;Jl. Ancol I/9-10 Kel. Ancol Kec. Pademangan Jakarta Utara;106,9145786;-6,143448134
317503100200301280;013379946092000;Jl. Ancol I/9-10 Kel. Ancol Kec. Pademangan Jakarta Utara;106,9080231;-6,159548727
;02.672.927.7-451.001;KP KADU RT 003 RW 001, BUNDER/CIKUPA , TANGERANG;106,7934705;-6,3094481
;02.672.927.7-451.001;KP KADU RT 003 RW 001, BUNDER/CIKUPA , TANGERANG;106,7813998;-6,3114114
;02.672.927.7-451.001;KP KADU RT 003 RW 001, BUNDER/CIKUPA , TANGERANG;106,8276012;-6,3306142
;84.503.770.4-416.000;GEDUNG ALFA TOWER LT.28 ,Jl. Jalur Sutera Bar. No.Kav. 7, RW.9, Panunggangan Tim., Kec. Pinang, Kota Tangerang, Banten 15143;106,7827257;-6,2007723
;02.672.927.7-451.001;KP KADU RT 993 RW 001, BUNDER/CIKUPA , TANGERANG;106,828432;-6,2540255
;02.672.927.7-451.001;KP KADU RT 003 RW 001, BUNDER/CIKUPA , TANGERANG;106,8380115;-6,308504
;02.672.927.7-451.001;KP KADU RT 003 RW 001,BUNDER/CIKUPA , TANGERANG;106,9173864;-6,1296803
;02.672.927.7-451.001;KP KADU RT 003 RW 001,  BUNDER/CIKUPA , TANGERANG;106,7995683;-6,2498077
;02.672.927.7-451.001;KP KADU RT 003 RW 001, BUNDER/CIKUPA , TANGERANG;106,789797;-6,2585375
;02.672.927.7-451.001;KP KADU RT 003 RW 001, BUNDER/CIKUPA , TANGERANG;106,800891;-6,260109
;02.672.927.7-451.001;KP KADU RT 003 RW 001 BUNDER/CIKUPA , TANGERANG;106,8590713;-6,2285907
;;;106,82045;-6,27685
;02.672.927.7-451.001;KP KADU RT 003 RW 001, BUNDER/CIKUPA , TANGERANG;106,8624519;-6,2248676
;02.672.927.7-451.001;KP KADU RT 003 RW 001, BUNDER/CIKUPA , TANGERANG;106,8550828;-6,2290504
;02.672.927.7-451.001;KP KADU RT 003 RW 001, BUNDER/CIKUPA , TANGERANG;106,8554277;-6,2285546
;;;106,79723;-6,26822
;84.503.770.4-416.000;GEDUNG ALFA TOWER LT.28 ,Jl. Jalur Sutera Bar. No.Kav. 7, RW.9, Panunggangan Tim., Kec. Pinang, Kota Tangerang, Banten 15143;106,7982151;-6,1845929
;02.672.927.7-451.001;KP KADU RT 003 RW 001, BUNDER/CIKUPA , TANGERANG;106,7908641;-6,2489266
;02.672.927.7-451.001;KP KADU RT 003 RW 001, BUNDER/CIKUPA , TANGERANG;106,7687214;-6,2381154
;02.672.927.7-451.001;KP KADU RT 003 RW 001, BUNDER/CIKUPA , TANGERANG;106,7914362;-6,2426727
;02.672.927.7-451.001;KP KADU RT 003 RW 001, BUNDER/CIKUPA , TANGERANG;106,8417359;-6,2757625
;02.672.927.7-451.001;KP KADU RT 003 RW 001, BUNDER/CIKUPA , TANGERANG;106,8356487;-6,3309614
;02.672.927.7-451.001;KP KADU RT 003 RW 001, BUNDER/CIKUPA , TANGERANG;106,8327211;-6,3513427
;02.672.927.7-451.001;KP KADU RT 003 RW 001, BUNDER/CIKUPA , TANGERANG;106,7593998;-6,2584764
;02.672.927.7-451.001;KP KADU RT 003 RW 002, BUNDER/CIKUPA , TANGERANG;106,8374779;-6,2535439
;02.672.927.7-451.001;KP KADU RT 003 RW 001, BUNDER/CIKUPA , TANGERANG;106,8155732;-6,2619429
;02.672.927.7-451.001;KP KADU RT 003 RW 001, BUNDER/CIKUPA , TANGERANG;106,8498619;-6,3011303
;02.672.927.7-451.001;KP KADU RT 003 RW 001, BUNDER/CIKUPA , TANGERANG;106,8493582;-6,2366583
;;;106,7313443;-6,136330009
;02.672.927.7-451.001;KP KADU RT 003 RW 001, BUNDER/CIKUPA , TANGERANG;106,7992915;-6,1296425
;02.672.927.7-451.001;KP KADU RT 003 RW 001, BUNDER/CIKUPA , TANGERANG;106,7577696;-6,1161853
;02.672.927.7-451.001;KP KAU RT 003 RW 001, BUNDER/CIKUPA , TANGERANG;106,742009;-6,1112488
;02.672.927.7-451.001;KP KADU RT 003 RW 001, BUNDER/CIKUPA , TANGERANG;106,790945;-6,1123246
317503100104315860;013379946092000;Jl. Ancol I/9-10 Kel. Ancol Kec. Pademangan Jakarta Utara;106,893802;-6,146437614
317502000101610000;013379946092000;Jl. Ancol I/9-10 Kel. Ancol Kec. Pademangan Jakarta Utara;106,8542548;-6,140489298
;01.337.994.6-092.000;JL. ANCOL 1 NO.09-10;106,8516448;-6,249450549
;01.337.994.6-092.000;JL. ANCOL 1 /9-10, ANCOL, PADEMANGAN, JAKARTA UTARA;106,8516448;-6,249450549
;02.672.927.7-451.001;KP KADU RT 003 RW 001,BUNDER/CIKUPA , TANGERANG;106,9306151;-6,1093494
317503100201200300;013379946092000;Jl. Ancol I/9-10 Kel. Ancol Kec. Pademangan Jakarta Utara;106,9029751;-6,164593701
;02.672.927.7-451.001;KP KADU RT 003 RW 001, BUNDER/CIKUPA , TANGERANG;106,8674952;-6,2296868
;02.672.927.7-451.001;KP KADU RT 003 RW 001, BUNDER/CIKUPA , TANGERANG;106,8590518;-6,3005545
;02.672.927.7-451.001;KP KADU RT 003 RW 001, BUNDER/CIKUPA , TANGERANG;106,8769818;-6,2751127
;02.672.927.7-451.001;KP KADU RT 003 RW 001, BUNDER/CIKUPA , TANGERANG;106,8885501;-6,3066191
;02.672.927.7-451.001;KP KADU RT 003 RW 001, BUNDER/CIKUPA , TANGERANG;106,8575036;-6,3265246
;02.672.927.7-451.001;KP KADU RT 003 RW 001, BUNDER/CIKUPA , TANGERANG;106,8781824;-6,2551848
;02.672.927.7-451.001;KP KADU RT 003 RW 001, BUNDER/CIKUPA , TANGERANG;106,9028809;-6,2974401
;02.672.927.7-451.001;KP KADU RT 003 RW 001, BUNDER/CIKUPA , TANGERANG;106,8878915;-6,3657166
;02.672.927.7-451.001;KP KADU RT 003 RW 001, BUNDER/CIKUPA , TANGERANG;106,8556424;-6,2836276
;02.672.927.7-451.001;KP KADU RT 003 RW 001. BUNDER/CIKUPA , TANGERANG;106,8503656;-6,3265225
;02.672.927.7-451.001;KP KADU RT 003 RW 001,BUNDER/CIKUPA , TANGERANG;106,9026811;-6,2976917
;02.672.927.7-451.001;KP KADU RT 003 RW 001,BUNDER/CIKUPA , TANGERANG;106,9053152;-6,3419047
;;;106,7221509;-6,123431274
;02.672.927.7-451.001;KP KADU RT 003 RW 001, BUNDER/CIKUPA TANGERANG;106,8795905;-6,3156308
;02.672.927.7-451.001;KP KADU RT 003 RW 001, BUNDER/CIKUPA , TANGERANG;106,9563863;-6,1449452
;02.672.927.7-451.001;KP KADU RT 003 RW 001, BUNDER/CIKUPA , TANGERANG;106,9171619;-6,2281323
;02.672.927.7-451.001;KP KADU RT 003 RW 001,BUNDER/CIKUPA , TANGERANG;106,902172;-6,2197439
317503100104900250;013379946092000;Jl. Ancol I/9-10 Kel. Ancol Kec. Pademangan Jakarta Utara;106,8903207;-6,150587749
317502000700700930;013379946092000;Jl. Ancol I/9-10 Kel. Ancol Kec. Pademangan Jakarta Utara;106,8866324;-6,10966753
;;;106,7151747;-6,150319558
317503100104305150;013379946092000;Jl. Ancol I/9-10 Kel. Ancol Kec. Pademangan Jakarta Utara;106,8941032;-6,153120237
;;;106,7052131;-6,132418697
;02.672.927.7-451.001;KP KADU RT 003 RW 001,BUNDER/CIKUPA , TANGERANG;106,9171847;-6,1146394
;02.672.927.7-451.001;KP KADU RT 003 RW 001,BUNDER/CIKUPA ,TANGERANG;106,9017242;-6,1659734
;02.672.927.7-451.001;KP KADU RT 003 RW 001,BUNDER/CIKUPA , TANGERANG;106,8382464;-6,135537
;02.672.927.7-451.001;KP KADU RT 003 RW 001,BUNDER/CIKUPA , TANGERANG;106,8692261;-6,1436867
;02.672.927.7-451.001;KP KADU RT 003 RW 001,BUNDER/CIKUPA . TANGERANG;106,8124131;-6,2093623
;84.503.770.4-416.000;GEDUNG ALFA TOWER LT 28 ,Jl. Jalur Sutera Bar. No.Kav. 7, RW.9, Panunggangan Tim., Kec. Pinang, Kota Tangerang, Banten 15143;106,7888173;-6,1743783
;02.672.927.7-451.001;KP KADU RT 003 RW 001,BUNDER/CIKUPA ,TANGERANG;106,8235612;-6,2011097
;02.672.927.7-451.001;KP KADU RT 003 RW 001,BUNDER/CIKUPA , TANGERANG;106,8694201;-6,1761084
;02.672.927.7-451.001;KP KADU RT 003 RW 001,BUNDER/CIKUPA , TANGERANG;106,8599662;-6,1752791
;02.672.927.7-451.001;KP KADU RT 003 RW 001,BUNDER/CIKUPA , TANGERANG;106,846986;-6,1613427
;02.672.927.7-451.001;KP KADU RT 003 RW 001,BUNDER/CIKUPA , TANGERANG;106,8561127;-6,1863144
;02.672.927.7-451.001;KP KADU RT 003 RW 001,BUNDER/CIKUPA , TANGERANG;106,8394297;-6,1870807
;02.672.927.7-451.001;KP KADU RT 003 RW 001,BUNDER/CIKUPA , TANGERANG;106,8322087;-6,1582377
;02.672.927.7-451.001;KP KADU RT 003 RW 001,BUNDER/CIKUPA , TANGERANG;106,8616195;-6,182269
;02.672.927.7-451.001;KP KADU RT 003 RW 001,BUNDER/CIKUPA , TANGERANG;106,8293305;-6,1854898
;02.672.927.7-451.001;KP KADU RT 003 RW 001,BUNDER/CIKUPA ,TANGERANG;106,8055127;-6,2038543
;02.672.927.7-451.001;KP KADU RT 003 RW 001,BUNDER/CIKUPA , TANGERANG;106,8492891;-6,1933429
;02.672.927.7-451.001;KP KADU RT 003 RW 001,BUNDER/CIKUPA , TANGERANG;106,8536541;-6,1926357
;02.672.927.7-451.001;KP KADU RT 003 RW 001,BUNDER/CIKUPA , TANGERANG;106,8656627;-6,1629237
;84.503.770.4-416.000;GEDUNG ALFA TOWER LT.28 ,Jl. Jalur Sutera Bar. No.Kav. 7, RW.9, Panunggangan Tim., Kec. Pinang, Kota Tangerang, Banten 15143;106,8193673;-6,2171287
;02.672.927.7-451.001;KP KADU RT 003 RW 001, BUNDER/CIKUPA ,TANGERANG;106,8605756;-6,2846224
;02.672.927.7-451.001;KP KADU RT 003 RW 001, BUNDER/CIKUPA , TANGERANG;106,8632701;-6,3397316
;02.672.927.7-451.001;KP KADU RT 003 RW 001,BUNDER/CIKUPA , TANGERANG;106,8863015;-6,2199433
;02.672.927.7-451.001;KP KADU RT 003 RW 001,BUNDER/CIKUPA , TANGERANG;106,8729667;-6,307224
;02.672.927.7-451.001;KP KADU RT 003 RW 001,BUNDER/CIKUPA , TANGERANG;106,8648476;-6,2517693
;02.672.927.7-451.001;KP KADU RT 003 RW 001,BUNDER/CIKUPA, TANGERANG;106,8559794;-6,2010319
;02.672.927.7-451.001;KP KAUDU RT 003 RW 001,BUNDER/CIKUPA , TANGERANG;106,8938076;-6,3151126
;02.672.927.7-451.001;KP KADU RT 003 RW 001,BUNDER/CIKUPA ,TANGERANG;106,8785221;-6,2082743
;02.672.927.7-451.001;KP KADU RT 003 RW 001,BUNDER/CIKUPA ,TANGERANG;106,9486543;-6,176827
;02.672.927.7-451.001;KP KADU RT 003 RW 001,BUNDER/CIKUPA ,TANGERANG;106,8722886;-6,2041241
;02.672.927.7-451.001;KP KADU RT 003 RW 001,BUNDER/CIKUPA ,TANGERANG;106,8696825;-6,2425688
;013379946403002;JL ALTERNATIF SENTUL KANDANG RODA , RT 01 / 010 , Desa Cijujung , Kecamatan Sukaraja Kab Bogor;106,8778498;-6,328875686
;13379946092000;Jl. Ancol I/9-10 Kel. Ancol Kec. Pademangan Jakarta Utara;106,8732268;-6,164420366
317503000701306010;013379946092000;Jl. Ancol I/9-10 Kel. Ancol Kec. Pademangan Jakarta Utara;106,899072;-6,119994297
;02.627.927.7-451.001;KP KADU RT 003 RW 001,BUNDER/CIKUPA , TANGERANG;106,9026977;-6,1702057
317203100400100580;013379946092000;Jl. Ancol I/9-10 Kel. Ancol Kec. Pademangan Jakarta Utara;106,939292;-6,220340465
;02.672.927.7-451.001;KP KADU RT 003 RW 001,BUNDER/CIKUPA, TANGERANG;106,8134285;-6,3109006
;02.672.927.7-451.001;KP KADU RT 003 RW 001 CIKUPA TANGERANG BANTEN;106,7319457;-6,2000302
317504000401403160;0Jl. Ancol I/9-10 Kel. Ancol Kec. Pademangan Jakarta Utara13379946092000;Jl. Ancol I/9-10 Kel. Ancol Kec. Pademangan Jakarta Utara;106,9372618;-6,102928044
317502000702600030;013379946092000;Jl. Ancol I/9-10 Kel. Ancol Kec. Pademangan Jakarta Utara;106,8849856;-6,110208926
317504000401403160;013379946092000;Jl. Ancol I/9-10 Kel. Ancol Kec. Pademangan Jakarta Utara;106,9373332;-6,102879913
317203100302401340;013379946092000;Jl. Ancol I/9-10 Kel. Ancol Kec. Pademangan Jakarta Utara;106,959628;-6,249013093
317203000201200260;013379946092000;Jl. Ancol I/9-10 Kel. Ancol Kec. Pademangan Jakarta Utara;106,8761972;-6,233815013
317503100302205650;013362389054000;GEDUNG ALFA TOWER lantai 12 Jalan Jalur Sutera Barat KAV 9 Alam Sutera Penunggangan Timur Pinang Kota Tangerang;106,9086904;-6,162215921
317503100302205430;013379946092000;Jl. Ancol I/9-10 Kel. Ancol Kec. Pademangan Jakarta Utara;106,9101126;-6,163252578
-;013362389054000;GEDUNG ALFA TOWER lantai 12 Jalan Jalur Sutera Barat KAV 9 Alam Sutera Penunggangan Timur Pinang Kota Tangerang;106,8947929;-6,148452128
317203000200900070;013379946092000;Jl. Ancol I/9-10 Kel. Ancol Kec. Pademangan Jakarta Utara;106,8699296;-6,231516725
;013379946403002;Jl Alternatif Sentul Kandang Roda , Rt 01 / 010 , Desa Cijujung , Kecamatan Sukaraja Kab Bogor;106,8296488;-6,5141469
;02.672.927.7-451.001;KP Kadu RT 003 RW 003 Cikupa Tangerang Banten;106,8207464;-6,18906099
317202100500701650;013379946092000;Jl. Ancol I/9-10 Kel. Ancol Kec. Pademangan Jakarta Utara;106,9078621;-6,247949916
317503100302500580;013379946092000;Jl. Ancol I/9-10 Kel. Ancol Kec. Pademangan Jakarta Utara;106,9118018;-6,165535773
;;;106,6911904;-6,160693195
;;;106,7337432;-6,140401896
31720310020122820;013379946092000;Jl. Ancol I/9-10 Kel. Ancol Kec. Pademangan Jakarta Utara;106,9224445;-6,220569185
317203100401000620;013379946092000;Jl. Ancol I/9-10 Kel. Ancol Kec. Pademangan Jakarta Utara;106,94381;-6,22794811
317204000202100350;013379946092000;Jl. Ancol I/9-10 Kel. Ancol Kec. Pademangan Jakarta Utara;106,8604345;-6,210754472
;;;106,729638;-6,135237767
;;;106,7235824;-6,138874681
;;;106,7223143;-6,136798056
317304100300200200;013379946092000;Jl. Ancol I/9-10 Kel. Ancol Kec. Pademangan Jakarta Utara;106,8545378;-6,175278569
317502000103400780;13379946092000;Jl. Ancol I/9-10 Kel. Ancol Kec. Pademangan Jakarta Utara;106,8768907;-6,142744986
;013379946092000;Jl. Ancol I/9-10 Kel. Ancol Kec. Pademangan Jakarta Utara;106,8937056;-6,151997843
;01.337.994.6-092.000;JL. ANCOL 1 /9-10, ANCOL, PADEMANGAN, JAKARTA UTARA;106,7989047;-6,17812035
317204000501501440;013379946092000;Jl. Ancol I/9-10 Kel. Ancol Kec. Pademangan Jakarta Utara;106,8670937;-6,204090243
;02.672.927.7-451.001;KP KADU RT 003 RW 001,BUNDER/CIKUPA , TANGERANG;106,8201092;-6,326774
;02.672.927.7-451.001;KP KADU RT 003 RW 001,BUNDER/CIKUPA , TANGERANG;106,8569806;-6,2329727
;02.672.927.7-451.001;KP KADU 003/001,BUNDER/CIKUPA, TANGERANG;106,7991538;-6,2834136
;;;106,7410768;-6,163828385
;02.672.927.7-451.001;KP Kadu RT 003 RW 003, Cikupa, Kab. Tangerang, Banten;106,7690627;-6,2038598
31.73.050.005.024-0119.0;013362389054000;GEDUNG ALFA TOWER lantai 12 Jalan Jalur Sutera Barat KAV 9 Alam Sutera Penunggangan Timur Pinang Kota Tangerang;106,6647552;-6,2332928
31.73.014.001.030-0221.0;013362389054000;GEDUNG ALFA TOWER lantai 12 Jalan Jalur Sutera Barat KAV 9 Alam Sutera Penunggangan Timur Pinang Kota Tangerang;106,6647552;-6,2332928
31705000300801210;013362389054000;GEDUNG ALFA TOWER lantai 12 Jalan Jalur Sutera Barat KAV 9 Alam Sutera Penunggangan Timur Pinang Kota Tangerang;106,6647552;-6,2332928
31.73.041.002.01-0006;013362389054000;GEDUNG ALFA TOWER lantai 12 Jalan Jalur Sutera Barat KAV 9 Alam Sutera Penunggangan Timur Pinang Kota Tangerang;106,6647552;-6,2332928
31.73.041.004.003.0108.0;013362389054000;GEDUNG ALFA TOWER lantai 12 Jalan Jalur Sutera Barat KAV 9 Alam Sutera Penunggangan Timur Pinang Kota Tangerang;106,6647552;-6,2332928
31.75.030.008.018-0233.0;013362389054000;GEDUNG ALFA TOWER lantai 12 Jalan Jalur Sutera Barat KAV 9 Alam Sutera Penunggangan Timur Pinang Kota Tangerang;106,6647552;-6,2332928
31.75.040.006.033-033.0;013362389054000;GEDUNG ALFA TOWER lantai 12 Jalan Jalur Sutera Barat KAV 9 Alam Sutera Penunggangan Timur Pinang Kota Tangerang;106,6647552;-6,2332928
-;013362389054000;GEDUNG ALFA TOWER lantai 12 Jalan Jalur Sutera Barat KAV 9 Alam Sutera Penunggangan Timur Pinang Kota Tangerang;106,6647552;-6,2332928
-;013362389054000;GEDUNG ALFA TOWER lantai 12 Jalan Jalur Sutera Barat KAV 9 Alam Sutera Penunggangan Timur Pinang Kota Tangerang;106,6647552;-6,2332928
-;013362389054000;GEDUNG ALFA TOWER lantai 12 Jalan Jalur Sutera Barat KAV 9 Alam Sutera Penunggangan Timur Pinang Kota Tangerang;106,6647552;-6,2332928
31.75.030.004.012-0141.0;013362389054000;GEDUNG ALFA TOWER lantai 12 Jalan Jalur Sutera Barat KAV 9 Alam Sutera Penunggangan Timur Pinang Kota Tangerang;106,6647552;-6,2332928
31710400030110150;013362389054000;GEDUNG ALFA TOWER Lantai 12 Jalan Jalur Sutera Barat Kav. 9 Alam Sutera Panunggangan Timur Pinang Kota Tangerang Banten;106,8338607;-6,251200135
-;013362389054000;GEDUNG ALFA TOWER Lantai 12 Jalan Jalur Sutera Barat Kav. 9 Alam Sutera Panunggangan Timur Pinang Kota Tangerang Banten;106,7641303;-6,270953061
317503000701401900;013362389054000;GEDUNG ALFA TOWER Lantai 12 JALAN JALUR SUTERA BARAT KAV 9 ALAM SUTERA PANUNGGANG PINANG KOTA TANGERANG BANTEN;106,8995412;-6,121718174
01.4-009S;013362389054000;GEDUNG ALFA TOWER Lantai 12 Jalan Jalur Sutera Barat Kav. 9 Alam Sutera Panunggangan Timur Pinang Kota Tangerang Banten;106,8273832;-6,175648211
-;013362389054000;GEDUNG ALFA TOWER Lantai 12 Jalan Jalur Sutera Barat Kav. 9 Alam Sutera Panunggangan Timur Pinang Kota Tangerang Banten;106,8521006;-6,24691538
317203100700400260;013362389054000;GEDUNG ALFA TOWER LANTAI 12 JALAN JALUR SUTERA BARAT KAV ( ALAM SUTERA PANUNGGANGAN TIMUR PINANG KOTA TANGERANG BANTEN;106,9075965;-6,213941083
31.74.011.001.005-0833.0;03.287.416.6-086.001;JL. BASOKA R NO. 1 RT. 005 RW. 002 JOGLO KEMBANGAN JAKARTA BARAT DKI JAKARTA;106,8525516;-6,181970804
317305000700801630;013362389054000;GEDUNG ALFA TOWER LANTAI 12 JALAN JALUR SITERA BARAT ALAM SUTERA KAV 9 PANUNGGANGAN TIMUR PINANG KOTA TANGERANG BANTEN;106,8609625;-6,154217739
31-74-021-004-043-0050-0;013362389054000;GEDUNG ALFA TOWER Lantai 12 Jalan Jalur Sutera Barat Kav. 9 Alam Sutera Panunggangan Timur Pinang Kota Tangerang Banten;106,7303596;-6,12225154
31.75.010.004.035-0349.0;013362389054000;GEDUNG ALFA TOWER Lantai 12 Jalan Jalur Sutera Barat Kav. 9 Alam Sutera Panunggangan Timur Pinang Kota Tanegrang Banten;106,7885332;-6,126218908
31.75.040.003.036.0458.0;013362389054000;Gedung Alfa Tower Lantai 12 Jl. Jalur Sutera Barat Kav.9 Alam Sutera Panunggangan Timur Pinang Kota Tangeran;106,9527699;-6,124826411
31.75.040.005.004.0179.0;013362389054000;Gedung Alfa Tower Lantai 12 Jl. Jalur Sutera Barat Kav.9 Alam Sutera Panunggangan Timur Pinang Kota Tangeran;106,9355919;-6,116525149
31.75.040.004.007.0009.0;013362389054000;Gedung Alfa Tower Lantai 12 Jl. Jalur Sutera Barat Kav.9 Alam Sutera Panunggangan Timur Pinang Kota Tangeran;106,93839;-6,10166
317304100101001630;013362389054000;GEDUNG ALFA TOWER LANTAI 12 JALAN JALUR SUTERA BARAT KAV 9 ALAM SUTERA PENUNGGANGAN TIMUR PINANG KOTA TANGERANG BANTEN;106,853426;-6,184100831
317304000101301740;013362389054000;GEDUNG ALFA TOWER LANTAI 12 JALAN JALUR SUTERA BARAT KAV 9 ALAM SUTERA PENUNGGANGAN TIMUR PINANG KOTA TANGERANG BANTEN;106,8695125;-6,191913485
317304100300200010;013362389054000;GEDUNG ALFA TOWER LANTAI 12 JALAN JALUR SUTERA BARAT KAV 9 ALAM SUTERA PENUNGGANGAN TIMUR PINANG KOTA TANGERANG BANTEN;106,8543214;-6,174873063
317304100401302020;013362389054000;GEDUNG ALFA TOWER LANTAI 12 JALAN JALUR SUTERA BARAT KAV 9 ALAM SUTERA PENUNGGANGAN TIMUR PINANG KOTA TANGERANG BANTEN;106,8474024;-6,181313971
31.75.020.002.028.0357;013362389054000;GEDUNG ALFA TOWER lantai 12 Jalan Jalur Sutera Barat KAV 9 Alam Sutera Penunggangan Timur Pinang Kota Tangerang;106,8676917;-6,1578543
317502000201700540;013362389054000;GEDUNG ALFA TOWER lantai 12 Jalan Jalur Sutera Barat KAV 9 Alam Sutera Penunggangan Timur Pinang Kota Tangerang;106,6647552;-6,2332928
-;013362389054000;GEDUNG ALFA TOWER lantai 12 Jalan Jalur Sutera Barat KAV 9 Alam Sutera Penunggangan Timur Pinang Kota Tangerang;106,6647552;-6,2332928
-;013362389054000;GEDUNG ALFA TOWER lantai 12 Jalan Jalur Sutera Barat KAV 9 Alam Sutera Penunggangan Timur Pinang Kota Tangerang;106,6647552;-6,2332928
31750400020270660;013362389054000;GEDUNG ALFA TOWER lantai 12 Jalan Jalur Sutera Barat KAV 9 Alam Sutera Penunggangan Timur Pinang Kota Tangerang;106,6647552;-6,2332928
-;013362389054000;GEDUNG ALFA TOWER lantai 12 Jalan Jalur Sutera Barat KAV 9 Alam Sutera Penunggangan Timur Pinang Kota Tangerang;106,6647552;-6,2332928
317503000401800100;013362389054000;GEDUNG ALFA TOWER lantai 12 Jalan Jalur Sutera Barat KAV 9 Alam Sutera Penunggangan Timur Pinang Kota Tangerang;106,6647552;-6,2332928
317502000301000850;013362389054000;GEDUNG ALFA TOWER lantai 12 Jalan Jalur Sutera Barat KAV 9 Alam Sutera Penunggangan Timur Pinang Kota Tangerang;106,6647552;-6,2332928
317305000200600350;013362389054000;GEDUNG ALFA TOWER lantai 12 Jalan Jalur Sutera Barat KAV 9 Alam Sutera Penunggangan Timur Pinang Kota Tangerang;106,8647227;-6,170993089
317503000300903160;013362389054000;GEDUNG ALFA TOWER lantai 12 Jalan Jalur Sutera Barat KAV 9 Alam Sutera Penunggangan Timur Pinang Kota Tangerang;106,9133343;-6,122914854
-;013362389054000;GEDUNG ALFA TOWER lantai 12 Jalan Jalur Sutera Barat KAV 9 Alam Sutera Penunggangan Timur Pinang Kota Tangerang;106,8638113;-6,159243496
317502000202702070;013362389054000;GEDUNG ALFA TOWER lantai 12 Jalan Jalur Sutera Barat KAV 9 Alam Sutera Penunggangan Timur Pinang Kota Tangerang;106,6647552;-6,2332928
317502000105400740;013362389054000;GEDUNG ALFA TOWER lantai 12 Jalan Jalur Sutera Barat KAV 9 Alam Sutera Penunggangan Timur Pinang Kota Tangerang;106,85908;-6,14593
317502000400501000;013362389054000;GEDUNG ALFA TOWER lantai 12 Jalan Jalur Sutera Barat KAV 9 Alam Sutera Penunggangan Timur Pinang Kota Tangerang;106,8731948;-6,126165312
-;-;-;106,8706532;-6,159483808
317502000202200630;013362389054000;GEDUNG ALFA TOWER lantai 12 Jalan Jalur Sutera Barat KAV 9 Alam Sutera Penunggangan Timur Pinang Kota Tangerang;106,8757749;-6,151093081
-;013362389054000;GEDUNG ALFA TOWER lantai 12 Jalan Jalur Sutera Barat KAV 9 Alam Sutera Penunggangan Timur Pinang Kota Tangerang;106,8667144;-6,150435402
317502000301101050;013362389054000;GEDUNG ALFA TOWER lantai 12 Jalan Jalur Sutera Barat KAV 9 Alam Sutera Penunggangan Timur Pinang Kota Tangerang;106,8889215;-6,114411145
317503100100401300;013362389054000;GEDUNG ALFA TOWER lantai 12 Jalan Jalur Sutera Barat KAV 9 Alam Sutera Penunggangan Timur Pinang Kota Tangerang;106,9070149;-6,146504822
317304000200701850;013362389054000;GEDUNG ALFA TOWER lantai 12 Jalan Jalur Sutera Barat KAV 9 Alam Sutera Penunggangan Timur Pinang Kota Tangerang;106,8718816;-6,176275492
317502000201901100;013362389054000;GEDUNG ALFA TOWER lantai 12 Jalan Jalur Sutera Barat KAV 9 Alam Sutera Penunggangan Timur Pinang Kota Tangerang;106,87702;-6,15139
317502000601500020;013362389054000;GEDUNG ALFA TOWER lantai 12 Jalan Jalur Sutera Barat KAV 9 Alam Sutera Penunggangan Timur Pinang Kota Tangerang;106,890366;-6,128853852
;013362389054000;Gedung Alfa Tower Lantai 12, Jalan jalur Sutera Barat kav. 9, Alam Sutera Panunggangan Timur Pinang, Kota Tangerang Barat;106,8779304;-6,352359554
317503100202400090;013362389054000;GEDUNG ALFA TOWER lantai 12 Jalan Jalur Sutera Barat KAV 9 Alam Sutera Penunggangan Timur Pinang Kota Tangerang;106,906;-6,165
317201200400300050;013362389054000;GEDUNG ALFA TOWER lantai 12 Jalan Jalur Sutera Barat KAV 9 Alam Sutera Penunggangan Timur Pinang Kota Tangerang;106,9111304;-6,317241988
-;013362389054000;GEDUNG ALFA TOWER lantai 12 Jalan Jalur Sutera Barat KAV 9 Alam Sutera Penunggangan Timur Pinang Kota Tangerang;106,8983567;-6,287270637
317201200501800320;013362389054000;GEDUNG ALFA TOWER lantai 12 Jalan Jalur Sutera Barat KAV 9 Alam Sutera Penunggangan Timur Pinang Kota Tangerang;106,9095433;-6,300150639
317201200802000880;013362389054000;GEDUNG ALFA TOWER lantai 12 Jalan Jalur Sutera Barat KAV 9 Alam Sutera Penunggangan Timur Pinang Kota Tangerang;106,9049173;-6,286194125
-;013362389054000;GEDUNG ALFA TOWER lantai 12 Jalan Jalur Sutera Barat KAV 9 Alam Sutera Penunggangan Timur Pinang Kota Tangerang;106,8750225;-6,2646975
317201200301001780;013362389054000;GEDUNG ALFA TOWER lantai 12 Jalan Jalur Sutera Barat KAV 9 Alam Sutera Penunggangan Timur Pinang Kota Tangerang;106,892676;-6,352649873
317201200802500290;013362389054000;GEDUNG ALFA TOWER lantai 12 Jalan Jalur Sutera Barat KAV 9 Alam Sutera Penunggangan Timur Pinang Kota Tangerang;106,896825;-6,297578187
317502100100200640;013362389054000;GEDUNG ALFA TOWER lantai 12 Jalan Jalur Sutera Barat KAV 9 Alam Sutera Penunggangan Timur Pinang Kota Tangerang;106,8831047;-6,288157907
-;013362389054000;GEDUNG ALFA TOWER lantai 12 Jalan Jalur Sutera Barat KAV 9 Alam Sutera Penunggangan Timur Pinang Kota Tangerang;106,9102734;-6,344501364
;;;106,87866;-6,35462
-;013362389054000;GEDUNG ALFA TOWER lantai 12 Jalan Jalur Sutera Barat KAV 9 Alam Sutera Penunggangan Timur Pinang Kota Tangerang;106,6647552;-6,2332928
31720200402105080;013362389054000;GEDUNG ALFA TOWER lantai 12 Jalan Jalur Sutera Barat KAV 9 Alam Sutera Penunggangan Timur Pinang Kota Tangerang;106,89418;-6,33333
317201200602302070;013362389054000;GEDUNG ALFA TOWER lantai 12 Jalan Jalur Sutera Barat KAV 9 Alam Sutera Penunggangan Timur Pinang Kota Tangerang;106,90467;-6,34119
317202100501801670;013362389054000;GEDUNG ALFA TOWER lantai 12 Jalan Jalur Sutera Barat KAV 9 Alam Sutera Penunggangan Timur Pinang Kota Tangerang;106,9095835;-6,254587571
317102000400700020;013362389054000;GEDUNG ALFA TOWER Lantai 12 Jalan Jalur Sutera Barat Kav. 9 Alam Sutera Panunggangan Timur Pinang Kota Tangerang Banten;106,6647552;-6,2332928
-;013362389054000;GEDUNG ALFA TOWER lantai 12 Jalan Jalur Sutera Barat KAV 9 Alam Sutera Penunggangan Timur Pinang Kota Tangerang;106,8938938;-6,224071474
317203000600300330;013362389054000;GEDUNG ALFA TOWER lantai 12 Jalan Jalur Sutera Barat KAV 9 Alam Sutera Penunggangan Timur Pinang Kota Tangerang;106,91048;-6,19422
317203000301100460;013362389054000;GEDUNG ALFA TOWER lantai 12 Jalan Jalur Sutera Barat KAV 9 Alam Sutera Penunggangan Timur Pinang Kota Tangerang;106,877573;-6,22717183
317203100100201050;013362389054000;GEDUNG ALFA TOWER lantai 12 Jalan Jalur Sutera Barat KAV 9 Alam Sutera Penunggangan Timur Pinang Kota Tangerang;106,8964291;-6,223128607
317203000500200030;013362389054000;GEDUNG ALFA TOWER lantai 12 Jalan Jalur Sutera Barat KAV 9 Alam Sutera Penunggangan Timur Pinang Kota Tangerang;106,8784456;-6,214948907
31720310070220352;013362389054000;GEDUNG ALFA TOWER lantai 12 Jalan Jalur Sutera Barat KAV 9 Alam Sutera Penunggangan Timur Pinang Kota Tangerang;106,8973795;-6,220068485
317203100701300220;013362389054000;GEDUNG ALFA TOWER lantai 12 Jalan Jalur Sutera Barat KAV 9 Alam Sutera Penunggangan Timur Pinang Kota Tangerang;106,9166571;-6,220896224
-;013362389054000;GEDUNG ALFA TOWER lantai 12 Jalan Jalur Sutera Barat KAV 9 Alam Sutera Penunggangan Timur Pinang Kota Tangerang;106,9371361;-6,22461198
317305000300801210;013362389054000;GEDUNG ALFA TOWER lantai 12 Jalan Jalur Sutera Barat KAV 9 Alam Sutera Penunggangan Timur Pinang Kota Tangerang;106,8671952;-6,162094392
317201200200900090;013362389054000;GEDUNG ALFA TOWER lantai 12 Jalan Jalur Sutera Barat KAV 9 Alam Sutera Penunggangan Timur Pinang Kota Tangerang;106,8979254;-6,337246472
3172031002015204320;013362389054000;GEDUNG ALFA TOWER lantai 12 Jalan Jalur Sutera Barat KAV 9 Alam Sutera Penunggangan Timur Pinang Kota Tangerang;106,9166571;-6,220896224
-;013362389054000;GEDUNG ALFA TOWER lantai 12 Jalan Jalur Sutera Barat KAV 9 Alam Sutera Penunggangan Timur Pinang Kota Tangerang;106,9093536;-6,245898403
317203000404501240;013362389054000;GEDUNG ALFA TOWER lantai 12 Jalan Jalur Sutera Barat KAV 9 Alam Sutera Penunggangan Timur Pinang Kota Tangerang;106,9112528;-6,24621489
-;013362389054000;GEDUNG ALFA TOWER lantai 12 Jalan Jalur Sutera Barat KAV 9 Alam Sutera Penunggangan Timur Pinang Kota Tangerang;106,9266445;-6,224114731
317201200701302090;013362389054000;GEDUNG ALFA TOWER lantai 12 Jalan Jalur Sutera Barat KAV 9 Alam Sutera Penunggangan Timur Pinang Kota Tangerang;106,8928952;-6,315405527
317205000201200610;013362389054000;GEDUNG ALFA TOWER lantai 12 Jalan Jalur Sutera Barat KAV 9 Alam Sutera Penunggangan Timur Pinang Kota Tangerang;106,9394539;-6,213662634
-;013362389054000;GEDUNG ALFA TOWER lantai 12 Jalan Jalur Sutera Barat KAV 9 Alam Sutera Penunggangan Timur Pinang Kota Tangerang;106,8542604;-6,199671438
-;013362389054000;GEDUNG ALFA TOWER lantai 12 Jalan Jalur Sutera Barat KAV 9 Alam Sutera Penunggangan Timur Pinang Kota Tangerang;106,8614943;-6,194464889
317205000601802670;013362389054000;GEDUNG ALFA TOWER lantai 12 Jalan Jalur Sutera Barat KAV 9 Alam Sutera Penunggangan Timur Pinang Kota Tangerang;106,8950278;-6,181844238
317205000300704800;013362389054000;GEDUNG ALFA TOWER lantai 12 Jalan Jalur Sutera Barat KAV 9 Alam Sutera Penunggangan Timur Pinang Kota Tangerang;106,6647552;-6,2332928
-;013362389054000;GEDUNG ALFA TOWER lantai 12 Jalan Jalur Sutera Barat KAV 9 Alam Sutera Penunggangan Timur Pinang Kota Tangerang;106,9358932;-6,177201832
317206000105002720;013362389054000;GEDUNG ALFA TOWER lantai 12 Jalan Jalur Sutera Barat KAV 9 Alam Sutera Penunggangan Timur Pinang Kota Tangerang;106,88539;-6,23265
-;013362389054000;GEDUNG ALFA TOWER lantai 12 Jalan Jalur Sutera Barat KAV 9 Alam Sutera Penunggangan Timur Pinang Kota Tangerang;106,9612232;-6,187157381
317201200100902380;013362389054000;GEDUNG ALFA TOWER lantai 12 Jalan Jalur Sutera Barat KAV 9 Alam Sutera Penunggangan Timur Pinang Kota Tangerang;106,90945;-6,3587
-;013362389054000;GEDUNG ALFA TOWER lantai 12 Jalan Jalur Sutera Barat KAV 9 Alam Sutera Penunggangan Timur Pinang Kota Tangerang;106,9006844;-6,21277376
317205000600502580;013362389054000;GEDUNG ALFA TOWER lantai 12 Jalan Jalur Sutera Barat KAV 9 Alam Sutera Penunggangan Timur Pinang Kota Tangerang;106,89897;-6,18039
317205000102003940;013362389054000;GEDUNG ALFA TOWER lantai 12 Jalan Jalur Sutera Barat KAV 9 Alam Sutera Penunggangan Timur Pinang Kota Tangerang;106,8648972;-6,193675527
317205000102003940;013362389054000;GEDUNG ALFA TOWER lantai 12 Jalan Jalur Sutera Barat KAV 9 Alam Sutera Penunggangan Timur Pinang Kota Tangerang;106,8780815;-6,211048547
-;013362389054000;GEDUNG ALFA TOWER lantai 12 Jalan Jalur Sutera Barat KAV 9 Alam Sutera Penunggangan Timur Pinang Kota Tangerang;106,9367715;-6,192216284
317205000600301810;013362389054000;GEDUNG ALFA TOWER lantai 12 Jalan Jalur Sutera Barat KAV 9 Alam Sutera Penunggangan Timur Pinang Kota Tangerang;106,9014335;-6,18062775
317205000600302330;013362389054000;GEDUNG ALFA TOWER lantai 12 Jalan Jalur Sutera Barat KAV 9 Alam Sutera Penunggangan Timur Pinang Kota Tangerang;106,899003;-6,181764518
31720400050150060;013362389054000;GEDUNG ALFA TOWER lantai 12 Jalan Jalur Sutera Barat KAV 9 Alam Sutera Penunggangan Timur Pinang Kota Tangerang;106,8718497;-6,20423296
317206000202600910;013362389054000;GEDUNG ALFA TOWER lantai 12 Jalan Jalur Sutera Barat KAV 9 Alam Sutera Penunggangan Timur Pinang Kota Tangerang;106,9401564;-6,206051462
317206000202201450;013362389054000;GEDUNG ALFA TOWER lantai 12 Jalan Jalur Sutera Barat KAV 9 Alam Sutera Penunggangan Timur Pinang Kota Tangerang;106,9347285;-6,207516
;013362389054000;Gedung Alfa Tower lantai 12, Jalan Jalur Sutera Barat kav. 9, Alam  Sutera Panunggangan Timur Pinang, Kota Tangerang Barat;106,86071;-6,27672
317201200803301940;013362389054000;GEDUNG ALFA TOWER lantai 12 Jalan Jalur Sutera Barat KAV 9 Alam Sutera Penunggangan Timur Pinang Kota Tangerang;106,879703;-6,333021618
317203100700700030;013362389054000;GEDUNG ALFA TOWER lantai 12 Jalan Jalur Sutera Barat KAV 9 Alam Sutera Penunggangan Timur Pinang Kota Tangerang;106,9111777;-6,214336271
317101000103000240;013362389054000;GEDUNG ALFA TOWER Lantai 12 Jalan Jalur Sutera Barat Kav. 9 Alam Sutera Panunggangan Timur Pinang Kota Tangerang Banten;106,7764002;-6,277359829
317101000301203420;013362389054000;GEDUNG ALFA TOWER Lantai 12 Jalan Jalur Sutera Barat Kav. 9 Alam Sutera Panunggangan Timur Pinang Kota Tangerang Banten;106,7724867;-6,24528247
317103100301101460;013362389054000;GEDUNG ALFA TOWER Lantai 12 Jalan Jalur Sutera Barat Kav. 9 Alam Sutera Panunggangan Timur Pinang Kota Tangerang Banten;106,8299728;-6,324232076
317103100302000160;013362389054000;GEDUNG ALFA TOWER Lantai 12 Jalan Jalur Sutera Barat Kav. 9 Alam Sutera Panunggangan Timur Pinang Kota Tangerang Banten;106,8215904;-6,326818104
317103100601000360;013362389054000;GEDUNG ALFA TOWER Lantai 12 Jalan Jalur Sutera Barat Kav. 9 Alam Sutera Panunggangan Timur Pinang Kota Tangerang Banten;106,8020787;-6,363015317
317103100200400600;013362389054000;GEDUNG ALFA TOWER Lantai 12 Jalan Jalur Sutera Barat Kav. 9 Alam Sutera Panunggangan Timur Pinang Kota Tangerang Banten;106,8104198;-6,354764422
317102000501201060;210364048016001;JL. Cipete V  Raya No. 1 Rt 08/03 Kel. Cipete selatan Kec. Cilandak, Jakarta Selatan;106,8001851;-6,27742045
317103100101002610;013362389054000;GEDUNG ALFA TOWER Lantai 12 Jalan Jalur Sutera Barat Kav. 9 Alam Sutera Panunggangan Timur Pinang Kota Tangerang Banten;106,8044746;-6,344822719
317102000400600270;013362389054000;GEDUNG ALFA TOWER Lantai 12 Jalan Jalur Sutera Barat Kav. 9 Alam Sutera Panunggangan Timur Pinang Kota Tangerang Banten;106,7930024;-6,267010552
317101000301203420;013362389054000;GEDUNG ALFA TOWER Lantai 12 Jalan Jalur Sutera Barat Kav. 9 Alam Sutera Panunggangan Timur Pinang Kota Tangerang Banten;106,8013843;-6,277582214
317102000201507620;013362389054000;GEDUNG ALFA TOWER Lantai 12 Jalan Jalur Sutera Barat Kav. 9 Alam Sutera Panunggangan Timur Pinang Kota Tangerang Banten;106,7968643;-6,312562605
-;013362389054000;GEDUNG ALFA TOWER Lantai 12 Jalan Jalur Sutera Barat Kav. 9 Alam Sutera Panunggangan Timur Pinang Kota Tangerang Banten;106,7747631;-6,266584023
317105000600101790;013362389054000;-;106,8116617;-6,357979251
317102000300301020;013362389054000;GEDUNG ALFA TOWER Lantai 12 Jalan Jalur Sutera Barat Kav. 9 Alam Sutera Panunggangan Timur Pinang Kota Tangerang Banten;106,8516448;-6,249450549
317101000101105750;013362389054000;GEDUNG ALFA TOWER Lantai 12 Jalan Jalur Sutera Barat Kav. 9 Alam Sutera Panunggangan Timur Pinang Kota Tangerang Banten;106,8516448;-6,249450549
317102000201300190;013362389054000;GEDUNG ALFA TOWER Lantai 12 Jalan Jalur Sutera Barat Kav. 9 Alam Sutera Panunggangan Timur Pinang Kota Tangerang Banten;106,8516448;-6,249450549
317103100600601530;013362389054000;GEDUNG ALFA TOWER Lantai 12 Jalan Jalur Sutera Barat Kav. 9 Alam Sutera Panunggangan Timur Pinang Kota Tangerang Banten;106,8516448;-6,249450549
;;;106,711205;-6,147772785
317103000101000780;013362389054000;GEDUNG ALFA TOWER Lantai 12 Jalan Jalur Sutera Barat Kav. 9 Alam Sutera Panunggangan Timur Pinang Kota Tangerang Banten;106,8516448;-6,249450549
317103100201700020;013362389054000;GEDUNG ALFA TOWER Lantai 12 Jalan Jalur Sutera Barat Kav. 9 Alam Sutera Panunggangan Timur Pinang Kota Tangerang Banten;106,8516448;-6,249450549
317103100600200100;013362389054000;GEDUNG ALFA TOWER Lantai 12 Jalan Jalur Sutera Barat Kav. 9 Alam Sutera Panunggangan Timur Pinang Kota Tangerang Banten;106,8516448;-6,249450549
317105000101002970;013362389054000;GEDUNG ALFA TOWER Lantai 12 Jalan Jalur Sutera Barat Kav. 9 Alam Sutera Panunggangan Timur Pinang Kota Tangerang Banten;106,8516448;-6,249450549
317106000200220580;210364048011000;Graha Familymart LT 3A , JL. Setiabudi Selatan Kav. 10;106,8241209;-6,227653875
317305000300406630;013362389054000;GEDUNG ALFA TOWER lantai 12 Jalan Jalur Sutera Barat KAV 9 Alam Sutera Penunggangan Timur Pinang Kota Tangerang;106,8717583;-6,167904095
;02.672.927.7-451.001;KP KADU RT 003 RW 001,BUNDER/CIKUPA , TANGERANG;106,804258;-6,2665489
;013379946092000;Jl. Ancol I/9-10 Kel. Ancol Kec. Pademangan Jakarta Utara;106,9029092;-6,202451103
;02.672.927.7-451.001;KP KADU RT 003 RW 001,BUNDER/CIKUPA , TANGERANG;106,8616114;-6,2653043
;84.503.770.4-416.001;GEDUNG ALFA TOWER LT.28 ,Jl. Jalur Sutera Bar. No.Kav. 7, RW.9, Panunggangan Tim., Kec. Pinang, Kota Tangerang, Banten 15143;106,8007202;-6,2779614
;01.337.994.6-092.000;JL. ANCOL BARAT 1 NO. 09-10;106,7578769;-6,125068378
;01.337.994.6-092.000;JL.. ANCOL BARAT 1 NO. 09-10;106,77779;-6,10894
317202100501501440;013379946092000;Jl. Ancol I/9-10 Kel. Ancol Kec. Pademangan Jakarta Utara;106,9087693;-6,250282734
;02.672.927.7-451.001;KP KADU RT 003 RW 001, BUNDER/CIKUPA , TANGERANG;106,783756;-6,2107131
317503100104001640;013379946092000;Jl. Ancol I/9-10 Kel. Ancol Kec. Pademangan Jakarta Utara;106,9009127;-6,146317608
317502000101904210;013379946092000;Jl. Ancol I/9-10 Kel. Ancol Kec. Pademangan Jakarta Utara;106,8661133;-6,135489764
;02.672.927.7-451.001;KP KADU RT 003 RW 001 , BUNDER/CIKUPA , TANGERANG;106,8656789;-6,2059051
317503100101701520;13379946092000;Jl. Ancol I/9-10 Kel. Ancol Kec. Pademangan Jakarta Utara;106,8990137;-6,164722653
;;;106,7052081;-6,126695851
317504000400304650;013362389054000;Gedung Alfa Tower Lantai 12 Jl.Jalur SuteraBarat Kav.9 Alam Sutera Panunggangan Timur Pinang Kota Tangerang Banten;106,8273832;-6,175648211
317206000701302730;210364048004001;JL. Raya Bekasi KM. 21 Ruko PTC Kel Rawa terate Kec. Cakung, Jakarta Timur;106,9151148;-6,182922153
317304100300100330;013379946092000;Jl. Ancol I/9-10 Kel. Ancol Kec. Pademangan Jakarta Utara;106,8543432;-6,174677728
;;;106,734551;-6,131033121
;;;106,8613537;-6,274288579
317104000101001440;210364048014002;JL. Kemang Raya Lt GF No. 31 Rt 08/05 Kel. Bangka Kec. Mampang Prapatan, Jakarta Selatan;106,8158277;-6,260636115
317504000102101010;013362389054000;GEDUNG ALFA TOWER lantai 12 Jalan Jalur Sutera Barat KAV 9 Alam Sutera Penunggangan Timur Pinang Kota Tangerang;106,9234116;-6,156478419
317203000401300360;013362389054000;GEDUNG ALFA TOWER lantai 12 Jalan Jalur Sutera Barat KAV 9 Alam Sutera Penunggangan Timur Pinang Kota Tangerang;106,891271;-6,218060522
317203100601000480;013362389054000;GEDUNG ALFA TOWER lantai 12 Jalan Jalur Sutera Barat KAV 9 Alam Sutera Penunggangan Timur Pinang Kota Tangerang;106,9264808;-6,222836583
317103000101600030;210364048017005;JL. Raya Cilandak KKO ( SPBU Marinir ) Kel. Cilandak Timur Kec. Pasar Minggu, Jakarta Selatan;106,815347;-6,295859398
317203000700600280;013379946092000;Jl. Ancol I/9-10 Kel. Ancol Kec. Pademangan Jakarta Utara;106,8685034;-6,222116607
317404000501209450;210364048033002;Seasons city Trade Mall Unit GF/BC 30 ,JL. Prof, Dr. LATUMENTEN NO. 33;106,7957266;-6,153562704
;01.337.994.6-092.000;JL. ANCOL 1 /9-10, ANCOL, PADEMANGAN, JAKARTA UTARA;106,8080898;-6,179823359
317404000501234410;210364048033001;APT SEASONS CITY UNIT FA/06/05, JL. PROF. DR. LATUMENTEN NO. 33;106,7967705;-6,15354127
317203100100402770;013379946092000;Jl. Ancol I/9-10 Kel. Ancol Kec. Pademangan Jakarta Utara;106,8975392;-6,223046105
317503100200200030;210364048043002;GADING WALK -SUMMARECON MALL KLP GADING 2 ( THE SUMMIT );106,9090923;-6,158147044
317302000300300030;210364048071001;JL. CIKINI RAYA , GD. HOTEL IBIS BUDGET CIKINI NO. 75;106,8386865;-6,191407071
317503100101705370;013379946092000;Jl. Ancol I/9-10 Kel. Ancol Kec. Pademangan Jakarta Utara;106,8902858;-6,152179183
317503100104820770;013379946092000;Jl. Ancol I/9-10 Kel. Ancol Kec. Pademangan Jakarta Utara;106,8926704;-6,152013592
317503100101703080;013362389054000;GEDUNG ALFA TOWER lantai 12 Jalan Jalur Sutera Barat KAV 9 Alam Sutera Penunggangan Timur Pinang Kota Tangerang;106,8918975;-6,167115
;;;106,7260752;-6,139161671
;;;106,7287601;-6,135382764
;;;106,7258351;-6,163606577
317503100201515530;013379946092000;Jl. Ancol I/9-10 Kel. Ancol Kec. Pademangan Jakarta Utara;106,8946419;-6,158966154
317301000302323930;210364048022003;APT. SUDIRMAN PARK B1/AB/B1/01, JL. KH. MAS MANSYUR KAV. 35;106,8181999;-6,205898236
317503100104820770;013379946092000;Jl. Ancol I/9-10 Kel. Ancol Kec. Pademangan Jakarta Utara;106,893439;-6,150729803
317405000300300230;210364048032001;JL. Mangga besar No. 90 B-C;106,8264567;-6,148767805
;210364048012003;THE CAPITAL RESIDENCE , B. 1 SCBD LOT. 24, JL. JEND.SUDIRMAN KAV. 52-53;106,8112596;-6,225274231
317203000203002620;013379946092000;Jl. Ancol I/9-10 Kel. Ancol Kec. Pademangan Jakarta Utara;106,8758672;-6,243608616
;01.337.994.6-092.000;JL.ANCOL 1/9-10 KELURAHAN ANCOL KECAMATAN PADEMANGAN JAKARTA UTARA;106,78465;-6,22313
;01.337.994.6-092.000;JL.ANCOL 1/9-10 KELURAHAN ANCOL KECAMATAN PADEMANGAN JAKARTA UTARA;106,7829655;-6,221003976
;;;106,7086355;-6,136286824
317306000500201510;13362389054000;GEDUNG ALFA TOWER Lantai 12 Jalan Jalur Sutera Barat Kav. 9 Alam Sutera, Panunggangan Timur Pinang, Kota Tangerang, Banten;106,8207464;-6,18906099
317203000100601530;013379946092000;Jl. Ancol I/9-10 Kel. Ancol Kec. Pademangan Jakarta Utara;106,8674233;-6,230616095
317503100300900110;013379946092000;Jl. Ancol I/9-10 Kel. Ancol Kec. Pademangan Jakarta Utara;106,9097176;-6,149006815
;;;106,7119917;-6,138262782
;;;106,7107061;-6,14937552
317101100100200240;210364048011000;Graha Familymart Lt 3A , JL. Setiabudi Selatan Kav. 10;106,7681656;-6,2581567
317305000400902540;013379946092000;Jl. Ancol I/9-10 Kel. Ancol Kec. Pademangan Jakarta Utara;106,8564888;-6,158288085
317205000101601140;013362389054000;GEDUNG ALFA TOWER lantai 12 Jalan Jalur Sutera Barat KAV 9 Alam Sutera Penunggangan Timur Pinang Kota Tangerang;106,876391;-6,214371257
317202100100310170;013379946092000;Jl. Ancol I/9-10 Kel. Ancol Kec. Pademangan Jakarta Utara;106,8812819;-6,290009813
317205000201906410;013379946092000;Jl. Ancol I/9-10 Kel. Ancol Kec. Pademangan Jakarta Utara;106,8952976;-6,211110806
;02.672.972.7-451.001;KP KADU RT 003 RW 001 CIKUPA TANGERANG;106,7862026;-6,2066478
;;;106,7265109;-6,1397714
;;;106,7071579;-6,134494918
;02.672.927.7-451.001;KP KADU RT 003 RW 001, BUNDER/CIKUPA , TANGERANG;106,8758074;-6,2883165
;;;106,7025114;-6,122344405
317503100303912050;013379946092000;Jl. Ancol I/9-10 Kel. Ancol Kec. Pademangan Jakarta Utara;106,9141251;-6,174143065
;;;106,711224;-6,124926742
317106000300901870;210364048011007;Gedung Generali Tower, Grand rubina Business Park Lt 1 Unit C , Jl. HR. Rasuna Said;106,8332558;-6,219408588
;;;106,78437;-6,29298
;;;106,82956;-6,29789
317106000800601000;013362389054000;GEDUNG ALFA TOWER Lantai 12 Jalan Jalur Sutera Barat Kav. 9 Alam Sutera Panunggangan Timur Pinang Kota Tangerang Banten;106,828777;-6,20724
;;;106,7800468;-6,291453417
317502000201800830;013379946092000;Jl. Ancol I/9-10 Kel. Ancol Kec. Pademangan Jakarta Utara;106,8869194;-6,15251875
317503100302501240;013379946092000;Jl. Ancol I/9-10 Kel. Ancol Kec. Pademangan Jakarta Utara;106,9142243;-6,165028373
317106000201500210;210364048067004;GD. TEMPO SCAN TOWER, JL. H.R. RASUNA SAID KAV. 3-4;106,8292216;-6,235291839
317202100401500680;013379946092000;Jl. Ancol I/9-10 Kel. Ancol Kec. Pademangan Jakarta Utara;106,884059;-6,255876388
;01.337.994.6-092.000;JL.ANCOL 1/9-10 KELURAHAN ANCOL KECAMATAN PADEMANGAN JAKARTA UTARA;106,79896;-6,13683
317403000800332270;210364048036001;JL. Tanjung Duren Raya No. 1 A-B , Kel. Tanjung Duren Selatan Kec. Grogol Petamburan, Jakarta Barat;106,7888984;-6,173905416
HOTEL KANTOR DAN HUNIAN;013379946092000;Jl. Ancol I/9-10 Kel. Ancol Kec. Pademangan Jakarta Utara;106,8546551;-6,141907607
;013379946403002;JL ALTERNATIF SENTUL KANDANG RODA , RT 01 / 010 , Desa Cijujung , Kecamatan Sukaraja Kab Bogor;106,8768017;-6,324208508
;PT LANCAR WIGUNA SEJAHTERA;GEDUNG ALFA TOWER LT 28, JALAN JALUR SUTERA BARAT KAV 7-9, PANUNGGANGAN TIMUR,PINANG , TANGERANG;106,812426;-6,163674
;01.337.994.6-092.000;JL. ANCOL 1 9/10;112,0480146;-7,19819899
317204000602000170;013379946092000;Jl. Ancol I/9-10 Kel. Ancol Kec. Pademangan Jakarta Utara;106,8715132;-6,196537159
317301000301400480;210364048022002;GD. INTERCONTINENTAL JAKARTA MIDPLAZA LT. LG , JL. JEND. SUDIRMAN KAV. 10-11;106,8208516;-6,209316582
317503100101620720;013379946092000;Jl. Ancol I/9-10 Kel. Ancol Kec. Pademangan Jakarta Utara;106,8923804;-6,163353685
;013362389054000;gedung alfa tower lantai 12 jalan jalur sutera panunggangan timur pinang kota tangerang banten;106,8604;-6,2824
31.72..010.003.021-0008.0;1.336.238.9-403.001;JL. RAYA KARADENAN RT. 01 RW. 10, BOJONG KULUR, GUNUNG PUTRI, BOGOR;106,8672;-6,338
317403100601201220;13362389054000;GEDUNG ALFA TOWER Lantai 12 Jalan Jalur Sutera Barat Kav. 9 Alam Sutera, Panunggangan Timur Pinang, Kota Tangerang, Banten;106,8038649;-6,185575692
;;;106,8672513;-6,268820456
;013362389054000;Jalan jalur sutera barat kav. 9 alam sutera panunggangan timur pinang kota tangerang banten;106,87158;-6,28344
317403100201602380;13362389054000;GEDUNG ALFA TOWER Lantai 12 Jalan Jalur Sutera Barat Kav. 9 Alam Sutera, Panunggangan Timur Pinang, Kota Tangerang, Banten;106,8021963;-6,19906468
;013362389054000;Gedung Alfa Tower lantai 12, Jalan Jalur Sutera Barat kav. 9, Alam  Sutera Panunggangan Timur Pinang, Kota Tangerang Barat;106,86711;-6,31679
317403100100400800;13362389054000;GEDUNG ALFA TOWER Lantai 12 Jalan Jalur Sutera Barat Kav. 9 Alam Sutera, Panunggangan Timur Pinang, Kota Tangerang, Banten;106,7875603;-6,196547676
;013362389054000;Gedung Alfa Tower lantai 12, Jalan Jalur Sutera Barat Kav. 9, Alam Sutera Panunggangan Timur Pinang, Kota Tangerangan Barat;106,8797758;-6,351719776
;0133625389054000;Gedung Alfa Tower Lantai 12, Jalan Jalur Sutera Barat kav. 9, Alam Sutera Panunggangan Timur Pinang, Kota Tangerang Barat;106,8702708;-6,338661764
;013362389054000;Gedung Alfa Tower lantai 12, Jalan Jalur Sutera Barat kav. 9, Alam  Sutera Panunggangan Timur Pinang, Kota Tangerang Barat;106,8739437;-6,294324612
;013362389054000;Gedung Alfa Tower lantai 12, Jalan Jalur Sutera Barat kav. 9, Alam  Sutera Panunggangan Timur Pinang, Kota Tangerang Barat;106,88303;-6,33937
;013362389054000;Gedung Alfa Tower lantai 12, Jalan Jalur Sutera Barat kav. 9, Alam  Sutera Panunggangan Timur Pinang, Kota Tangerang Barat;106,88475;-6,32879
;013362389054000;Gedung Alfa Tower lantai 12, Jalan Jalur Sutera Barat kav. 9, Alam  Sutera Panunggangan Timur Pinang, Kota Tangerang Barat;106,8675821;-6,314870627
;013362389054000;Gedung Alfa Tower lantai 12, Jalan Jalur Sutera Barat kav. 9, Alam  Sutera Panunggangan Timur Pinang, Kota Tangerang Barat;106,86711;-6,31679
;013362389054000;Gedung Alfa Tower lantai 12, Jalan Jalur Sutera Barat kav. 9, Alam  Sutera Panunggangan Timur Pinang, Kota Tangerang Barat;106,86711;-6,31679
;013362389054000;Gedung Alfa Tower lantai 12, Jalan Jalur Sutera Barat kav. 9, Alam  Sutera Panunggangan Timur Pinang, Kota Tangerang Barat;106,86711;-6,31679
;013362389054000;Gedung Alfa Tower lantai 12, Jalan Jalur Sutera Barat kav. 9, Alam  Sutera Panunggangan Timur Pinang, Kota Tangerang Barat;106,854086;-6,274742872
;013362389054000;Gedung Alfa Tower lantai 12, Jalan Jalur Sutera Barat kav. 9, Alam  Sutera Panunggangan Timur Pinang, Kota Tangerang Barat;106,85385;-6,27566
;013362389054000;Gedung Alfa Tower lantai 12, Jalan Jalur Sutera Barat kav. 9, Alam  Sutera Panunggangan Timur Pinang, Kota Tangerang Barat;106,86071;-6,27672
;013362389054000;PT. Sumber Alfaria Trijaya T.bk;106,8733858;-6,291466609
;;;106,82117;-6,19947
;;;106,820133;-6,293341475
;;;106,8302336;-6,2275584
;;;106,845599;-6,2087634
;;;106,845599;-6,2087634
;;;106,845599;-6,2087634
31.75.040.004.014.0320.0;013362389054000;Gedung Alfa Tower Lantai 12 Jl. Jalur Sutera Barat Kav.9 Alam Sutera Panunggangan Timur Pinang Kota Tangerang;106,9386872;-6,102431212
31.75.040.004.017.0089.0;013362389054000;Gedung Alfa Tower Lantai 12 Jl. Jalur Sutera Barat Kav.9 Alam Sutera Panunggangan Timur Pinang Kota Tangerang;106,9393543;-6,107200009
31.75.040.004.005.0035.0;013362389054000;Gedung Alfa Tower Lantai 12 Jl. Jalur Sutera Barat Kav.9 Alam Sutera Panunggangan Timur Pinang Kota Tangerang;106,9300624;-6,105916249
31.75.040.005.003.0126.0;013362389054000;Gedung Alfa Tower Lantai 12 Jl. Jalur Sutera Barat Kav.9 Alam Sutera Panunggangan Timur Pinang Kota Tangerang;106,92572;-6,11224
31.72.060.004.008.0098.0;013362389054000;Gedung Alfa Tower Lantai 12 Jl. Jalur Sutera Barat Kav.9 Alam Sutera Panunggangan Timur Pinang Kota Tangerang;106,9677881;-6,188312692
31.72.060.003.037.0693.0;013362389054000;Gedung Alfa Tower Lantai 12 Jl. Jalur Sutera Barat Kav.9 Alam Sutera Panunggangan Timur Pinang Kota Tangerang;106,9552122;-6,206944745
;01.337.994.6-092.000;JL.ANCOL 1/9-10,ANCOL,PADEMANGAN, JAKARTA UTARA;106,8059212;-6,19145543
31.72.060.003.019.0194.0;013362389054000;Gedung Alfa Tower Lantai 12 Jl. Jalur Sutera Barat Kav.9 Alam Sutera Panunggangan Timur Pinang Kota Tangerang;106,9581;-6,21114
31.72.060.005.026.0096.0;013362389054000;Gedung Alfa Tower Lantai 12 Jl. Jalur Sutera Barat Kav.9 Alam Sutera Panunggangan Timur Pinang Kota Tangerang;106,958971;-6,1848172
31.72.060.003.024.0145.0;013362389054000;Gedung Alfa Tower Lantai 12 Jl. Jalur Sutera Barat Kav.9 Alam Sutera Panunggangan Timur Pinang Kota Tangerang;106,9614236;-6,198726049
31.72.060.003.030.0118.0;013362389054000;Gedung Alfa Tower Lantai 12 Jl. Jalur Sutera Barat Kav.9 Alam Sutera Panunggangan Timur Pinang Kota Tangerang;106,9623563;-6,19740196
31.72.060.005.013.0031.0;013362389054000;Gedung Alfa Tower Lantai 12 Jl. Jalur Sutera Barat Kav.9 Alam Sutera Panunggangan Timur Pinang Kota Tangerang;106,9525557;-6,179924324
31.72.060 003.024.0007.0;013362389054000;Gedung Alfa Tower Lantai 12 Jl. Jalur Sutera Barat Kav.9 Alam Sutera Panunggangan Timur Pinang Kota Tangerang;106,9614032;-6,198677535
;01.337.994.6-092.000;JL. ANCOL 1/9-10, ANCOL, PADEMANGAN, JAKARTA UTARA;106,8151085;-6,144483843
31.72.060.000.400.9;013362389054000;Gedung Alfa Tower Lantai 12 Jl. Jalur Sutera Barat Kav.9 Alam Sutera Panunggangan Timur Pinang Kota Tangerang;106,9697019;-6,181095247
31.72.060.004.007.0654.0;013362389054000;Gedung Alfa Tower Lantai 12 Jl. Jalur Sutera Barat Kav.9 Alam Sutera Panunggangan Timur Pinang Kota Tangerang;106,9571784;-6,19462982
31.72.060.005.024.0025.0;013362389054000;Gedung Alfa Tower Lantai 12 Jl. Jalur Sutera Barat Kav.9 Alam Sutera Panunggangan Timur Pinang Kota Tangerang;106,9524995;-6,183718544
31.75.040.004 002.0008.0;013362389054000;Gedung Alfa Tower Lantai 12 Jl. Jalur Sutera Barat Kav.9 Alam Sutera Panunggangan Timur Pinang Kota Tangerang;106,9307158;-6,102181038
317503000700300470;013362389054000;GEDUNG ALFA TOWER lantai 12 Jalan Jalur Sutera Barat KAV 9 Alam Sutera Penunggangan Timur Pinang Kota Tangerang;106,6647552;-6,2332928
317503100202002590;013362389054000;GEDUNG ALFA TOWER lantai 12 Jalan Jalur Sutera Barat KAV 9 Alam Sutera Penunggangan Timur Pinang Kota Tangerang;106,9021658;-6,165371798
;;;106,7332581;-6,13914567
317201200601800010;013362389054000;GEDUNG ALFA TOWER lantai 12 Jalan Jalur Sutera Barat KAV 9 Alam Sutera Penunggangan Timur Pinang Kota Tangerang;106,9062386;-6,322957271
;013362389054000;gedung alfa tower lantai 12 jalan jalur sutera barat kav. 9 alam sutera panunggangan timur pinang kota tangerang banten;106,8631854;-6,20346825
;01.337.994.6-092.000;JL. ANCOL 1 /9-10, ANCOL, PADEMANGAN, JAKARTA UTARA;106,8165862;-6,142360187
;01.337.994.6-092.000;JL. ANCOL 1 /9-10, ANCOL, PADEMANGAN, JAKARTA UTARA;106,7476137;-6,112546822
;01.337.994.6-092.000;JL. ANCOL 1 /9-10, ANCOL, PADEMANGAN, JAKARTA UTARA;106,816055;-6,149360616
;01.337.994.6-092.000;JL. ANCOL 1 /9-10, ANCOL, PADEMANGAN, JAKARTA UTARA;106,8151937;-6,15874696
;01.337.994.6-092.000;JL. ANCOL 1 /9-10, ANCOL, PADEMANGAN, JAKARTA UTARA;106,8206249;-6,145266797
;01.337.994.6-092.000;JL. ANCOL 1 /9-10, ANCOL, PADEMANGAN, JAKARTA UTARA;106,8186799;-6,146839715
;01.337.994.6-092.000;JL. ANCOL 1 /9-10, ANCOL, PADEMANGAN, JAKARTA UTARA;106,8179181;-6,146862096
;01.337.994.6-092.000;JL. ANCOL 1 /9-10, ANCOL , PADEMANGAN JAKARTA UTARA;106,8175004;-6,151448952
;01.337.994.6-092.000;JL. ANCOL 1 /9.10, ANCOL, PADEMANGAN, JAKARTA UTARA;106,8187288;-6,156591087
;01.337.994.6-092.000;JL. ANCOL 1 /9-10. ANCOL, PADEMANGAN, JAKARTA UTARA;106,8173303;-6,150219886
;01.337.994.6-092.000;JL. ANCOL 1 /9-10, ANCOL, PADEMANGAN, JAKATA UTARA;106,812068;-6,134775236
317502000100603710;13362389054000;GEDUNG ALFA TOWER Lantai 12 Jalan Jalur Sutera Barat Kav. 9 Alam Sutera, Panunggangan Timur Pinang, Kota Tangerang, Banten;106,8207464;-6,18906099
;01.337.994.6-092.000;JL. ANCOL 1/9-10  ANCOL, PADEMANGAN JAKARTA UTARA;106,8223545;-6,15168
;01.337.994.6-092.000;JL. ANCOL 1 /9-10, ANCOL, PADEMANGAN, JAKARTA UTARA;106,8210694;-6,151045618
;01.337.994.6-092.000;JL. ANCOL 1 /9-10, ANCOL, PADEMANGAN, JAKARTA UTARA;106,8224588;-6,149327091
;01.337.994.6-092.000;JL. ANCOL 1 /9-10, ANCOL, PADEMANGAN, JAKARTA UTARA;106,804357;-6,151500009
317301000301401410;13362389054000;GEDUNG ALFA TOWER Lantai 12 Jalan Jalur Sutera Barat Kav. 9 Alam Sutera, Panunggangan Timur Pinang, Kota Tangerang, Banten;106,8207464;-6,18906099
317401000100902340;13362389054000;GEDUNG ALFA TOWER Lantai 12 Jalan Jalur Sutera Barat Kav. 9 Alam Sutera, Panunggangan Timur Pinang, Kota Tangerang, Banten;106,8207464;-6,18906099
317404001100201490;13362389054000;GEDUNG ALFA TOWER Lantai 12 Jalan Jalur Sutera Barat Kav. 9 Alam Sutera, Panunggangan Timur Pinang, Kota Tangerang, Banten;106,8207464;-6,18906099
317403000602002070;13362389054000;GEDUNG ALFA TOWER Lantai 12 Jalan Jalur Sutera Barat Kav. 9 Alam Sutera, Panunggangan Timur Pinang, Kota Tangerang, Banten;106,8207464;-6,18906099
;01.337.994.6-092.000;JL. ANCOL 1 /9-10, ANCOL, PADEMANGAN, JAKARTA UTARA;106,801558;-6,151311554
;01.337.994.6-092.000;JL. ANCOL 1 /9-10, ANCOL, PADEMANGAN, JAKARTA UTARA;106,8200019;-6,161183445
;01.337.994.6-092.000;JL. ANCOL 1 /9-10, ANCOL, PADEMANGAN, JAKARTA UTARA;106,8495125;-6,186751899
;01.337.994.6-092.000;JL. ANCOL 1 /9-10, ANCOL, PADEMANGAN, JAKARTA UTARA;106,8079643;-6,155929959
;01.337.994.6-092.000;JL. ANCOL 1 /9-10, ANCOL, PADEMANGAN, JAKARTA UTARA;106,7753318;-6,2666505
;01.337.994.6-092.000;JL. ANCOL 1/9-10, ANCOL, PADEMANGAN, JAKARTA UTARA;106,8122776;-6,25534804
;;;106,7992095;-6,1704914
;01.337.994.6-092.000;JL. ANCOL 1/9-10 ANCOL, PADEMANGAN JAKARTA UTARA;106,8234023;-6,204857542
;01.337.994.6-092.000;JL. ANCOL 1/9 -10, ANCOL, PADEMANGAN JAKARTA UTARA;106,8337161;-6,219129949
;02.672.972.7-451.001;KP KADU RT 003 RW 001, BUNDER/CIKUPA TANGERANG;106,7358437;-6,1429429
;013362389054000;GEDUNG ALFA TOWER Lantai 12 Jalan Jalur Sutera Barat Kav. 9 Alam Sutera Panunggangan Timur Pinang Kota Tangerang Banten;106,8031194;-6,29313125
;01.337.994.6-092.000;JL. ANCOL 1/9 -10, ANCOL, PADEMANGAN JAKARTA UTARA;106,8472756;-6,139394017
;02.672.927.7-451.001;KP KADU RT 003 RW 001 , BUNDER/CIKUPA , TANGERANG;106,6905002;-6,1332997
;02.672.927.7-451.001;KP KADU RT 003 RW 001, BUNDER/CIKUPA , TANGERANG;106,7813802;-6,2375422
;01.337.994.6-092.000;JL. ANCOL 1 /9-10, ANCOL, PADEMANGAN, JAKARTA UTARA;106,782727;-6,201284551
;01.337.994.6-092.000;JL. ANCOL 1/9-10, ANCOL, PADEMANGAN JAKARTA UTARA;106,8240269;-6,210414269
;01.337.994.6-092.000;JL. ANCOL 1/9 - 10, ANCOL, PADEMANGAN JAKARTA UTARA;106,7449263;-6,124298423
;01.337.994.6-092.000;JL. ANCOL 1/9-10,ANCOL, PADEMANGAN JAKARTA UTARA.;106,7667973;-6,128400454
;01.337.994.6-092.000;JL .ANCOL 1/9 - 10 ANCOL, PADEMANGAN, JAKARTA UTARA;106,7736493;-6,138841139
;01.337.994.6-092.000;JL. ANCOL 1/9 -10, ANCOL , PADEMANGAN JAKARTA UTARA;106,8002416;-6,15078802
;01.337.994.6-092.000;JL. ANCOL 1/9-10, ANCOL, PADEMANGAN JAKARTA UTARA;106,7831104;-6,119651429
;02.672.927.7-451.001;KP KADU RT 003 RW 001, BUNDER/CIKUPA , TANGERANG;106,7202044;-6,1808482
317103100200301000;13362389054000;GEDUNG ALFA TOWER Lantai 12 Jalan Jalur Sutera Barat Kav. 9 Alam Sutera Panunggangan Timur Pinang Kota Tangerang Banten;106,8295422;-6,337169751
317103100401400000;13362389054000;GEDUNG ALFA TOWER Lantai 12 Jalan Jalur Sutera Barat Kav. 9 Alam Sutera Panunggangan Timur Pinang Kota Tangerang Banten;106,8391848;-6,315362399
317101000102505000;13362389054000;GEDUNG ALFA TOWER Lantai 12 Jalan Jalur Sutera Barat Kav. 9 Alam Sutera Panunggangan Timur Pinang Kota Tangerang Banten;106,7508475;-6,243220959
31710100060020000;13362389054000;GEDUNG ALFA TOWER Lantai 12 Jalan Jalur Sutera Barat Kav. 9 Alam Sutera, Panunggangan Timur Pinang, Kota Tangerang, Banten;106,7837357;-6,206880916
317107000601300000;13362389054000;GEDUNG ALFA TOWER Lantai 12 Jalan Jalur Sutera Barat Kav. 9 Alam Sutera, Panunggangan Timur Pinang, Kota Tangerang, Banten;106,8461632;-6,220183979
317101000501201450;13362389054000;GEDUNG ALFA TOWER Lantai 12 Jalan Jalur Sutera Barat Kav. 9 Alam Sutera, Panunggangan Timur Pinang, Kota Tangerang, Banten;106,7928101;-6,228763665
;02.672.927.7-451.001;KP. KADU RT 003 RW 001, BUNDER/CIKUPA, TANGERANG;106,7587497;-6,1755651
;02.672.927.7-451.001;KP. KADU RT 003 RW 001, BUNDER/CIKUPA, TANGERANG;106,7662865;-6,1696605
;02.672.927.7-451.001;KP. KADU RT 003 RW 001, BUNDER/CIKUPA , TANGERANG;106,7024916;-6,1774165
;02.672.927.7-451.001;KP KADU RT 003 RW 001, BUNDER/CIKUPA, TANGERANG;106,7244941;-6,1265814
;02.672.927.7-451.001;KP. KADU RT 003 RW 001, BUNDER/CIKUPA, TANGERANG;106,7942932;-6,1744457
;02.672.927.7-451.001;KP KADU RT 003 RW 001, BUNDER/CIKUPA , TANGERANG;106,7988594;-6,1850096
;02.672.927.7-451.001;KP KADU RT 003 RW 001, BUNDER/CIKUPA , TANGERANG;106,8029892;-6,1807682
;02.672.927.7-451.001;KP KADU RT 003 RW 001, BUNDER/CIKUPA, TANGERANG;106,7319609;-6,2000426
;02.672.927.7-451.001;KP KADU RT 003 RW 001, BUNDER/CIKUPA , TANGERANG;106,7526241;-6,2402284
;02.672.927.7-451.001;KP KADU RT 003 RW 001, BUNDER/CIKUPA , TANGERANG;106,824846;-6,3182972
;02.672.927.7-451.001;KP KADU RT 003 RW 001, BUNDER/CIKUPA , TANGERANG;106,7945984;-6,2512116
;02.672.927.7-451.001;KP KADU RT 003 RW 001, BUNDER/CIKUPA , TANGERANG;106,8148579;-6,30023
;01.337.994.6-092.000;JL. ANCOL I 9-10 KEL. ANCOL, KEC. PADEMANGAN, JAKARTA UTARA;106,7841656;-6,206832641
;01.337.994.6-092.000;JL. ANCOL 1 9-10, KEL. ANCOL, KEC. PADEMANGAN, JAKARTA UTARA;106,78465;-6,22313
;02.672.927.7-451.001;KP KADU RT 003 RW 001, BUNDER/CIKUPA , TANGERANG;106,815655;-6,3449358
;01.337.994.6-092.000;JL. ANCOL I 9-10, KEL. ANCOL, KEC. PADEMANGAN, JAKARTA UTARA;106,79141;-6,22073
;02.672.927.7-451.001;KP KADU RT 003 RW 001, BUNDER/CIKUPA , TANGERANG;106,8112999;-6,318184
;02.672.927.7-451.001;KP KADU RT 003 RW 001, BUNDER/CIKUPA, TANGERANG;106,8151205;-6,2468008
;01.337.994.6-092.000;JL. ANCOL I 9-10, KEL. ANCOL, KEC. PADEMANGAN, JAKARTA UTARA;106,7780416;-6,250403493
;01.337.994.6-092.000;JL. ANCOL I 9-10, KEL. ANCOL, KEC. PADEMANGAN, JAKARTA UTARA;106,7736301;-6,288978248
;02.672.927.7-451.001;KP KADU RT 003 RW 001, BUNDER/CIKUPA , TANGERANG;106,8436693;-6,2129084
;01.337.994.6-092.000;JL. ANCOL I 09-10 , KEL. ANCOL , KEC. PADEMANGAN, JAKARTA UTARA;106,8590269;-6,222950275
;02.672.927.7-451.001;KP KADU RT 003 RW 001, BUNDER/CIKUPA , TANGERANG;106,8431873;-6,215478
;01.337.994.6-092.000;JL. ANCOL I 9-10, KEL. ANCOLM KEC. PADEMANGAN, JAKARTA UTARA;106,8629627;-6,225315325
;01.337.994.6-092.000;JL. ANCOL I 9-10 , KEL. ANCOL, KEC. PADEMANGAN, JAKARTA UTARA;106,8456863;-6,239352867
;01.337.994.6-092.000;JL. ANCOL I 9-10, KEL. ANCOL, KEC. PADEMANGAN, JAKARTA UTARA;106,8545955;-6,242287175
;01.337.994.6-092.000;JL. ANCOL I 9-10, KEL. ANCOL, KEC. PADEMANGAN, JAKARTA UTARA;106,8389093;-6,148705741
;01.337.994.6-092.000;JL. ANCOL I 9-10, KEL. ANCOL, KEC. PADEMANGAN, JAKARTA UTARA;106,8323866;-6,149039618
;01.337.994.6-092.000;JL. ANCOL I 9-10, KEL. ANCOL, KEC. PADEMANGAN, JAKARTA UTARA;106,8340536;-6,165710032
;01.337.994.6-092.000;JL. ANCOL I 9-10, KEL. ANCOL, KEC. PADEMANGAN, JAKARTA UTARA;106,8440638;-6,190165822
;02.672.927.7-451.001;KP KADU RT 003 RW 001, BUNDERS/CIKUPA , TANGERANG;106,8088502;-6,3296551
;01.337.994.6-092.000;JL ANCOL 1/9-10, ANCOL, PADEMANGAN JAKARTA UTARA;106,8031893;-6,198346473
;01.337.994.6-092.000;JL. ANCOL 1/9-10, ANCOL, PADEMANGAN JAKARTA UTARA;106,8307937;-6,148290561
;;;106,8380215;-6,2843364
;02.672.927.7-451.001;KP KADU RT 003 RW 001, BUNDER/CIKUPA , TANGERANG;106,7733696;-6,2530144
;01.337.994.6-092.000;JL. ANCOL 1/9 -10, ANCOL, PADEMANGAN JAKARTA UTARA;106,807942;-6,163351411
;01.337.994.6-092.000;JL. ANCOL 1/9-10,ANCOL,PADEMANGAN JAKARTA UTARA;106,824636;-6,161945621
;02.672.927.7-451.001;KP KADU RT 003 RW 001, BUNDER/CIKUPA , TANGERANG;106,8213283;-6,2265753
;02.672.927.7-451.001;KP KADU RT 003 RW 001, BUNDER/CIKUPA , TANGERANG;106,8242927;-6,324879
;02.672.927.7-451.001;KP KADU RT 003 RW 001, BUNDER/CIKUPA , TANGERANG;106,7837686;-6,2285789
;02.672.927.7-451.001;KP KADU RT 003 RW 001, BUNDER/CIKUPA , TANGERANG;106,838679;-6,2801185
;02.672.927.7-451.001;KP KADU RT 003 RW 001, BUNDER/CIKUPA , TANGERANG;106,7791593;-6,1386814
;02.672.927.7-451.001;KP KADU RT 003 RW 001,BUNDER/CIKUPA , TANGERANG;106,8767339;-6,3488372
;02.672.927.7-451.001;KP KADU RT 003 RW 001,BUNDER/CIKUPA , TANGERANG;106,8835365;-6,3194662
;02.672.927.7-451.001;KP KADU RT 003 RW 001,BUNDER/CIKUPA , TANGERANG;106,857871;-6,3238136
;02.672.927.7-451.001;KP KADU RT 003 RW 001,BUNDER/CIKUPA , TANGERANG;106,8896053;-6,1160047
;02.672.927.7-451.001;KP KADU RT 003 RW 001 BUNDER/CIKUPA , TANGERANG;106,880938;-6,1149864
;02.672.927.7-451.001;KP KADU RT 003 RW 001,BUNDER/CIKUPA , TANGERANG;106,856868;-6,161432
;02.672.927.7-451.001;KP KADU RT 003 RW 001,BUNDER/CIKUPA , TANGERANG;106,8717278;-6,1764944
;02.672.927.7-451.001;KP KADU RT 003 RW 001,BUNDER/CIKUPA , TANGERANG;106,8672159;-6,1662846
;02.672.927.7-451.001;KP KADU RT 003 RW 001,BUNDER/CIKUPA , TANGERANG;106,8845558;-6,3473019
;026279277451001;Kp Kadu RT 003/001 Bunder Cikupa Tangerang;106,92375;-6,12513
;84.503.770.4-416.000;GEDUNG ALFA TOWER LT 28, Jl. Jalur Sutera Bar. No.Kav. 7, RW.9, Panunggangan Tim., Kec. Pinang, Kota Tangerang, Banten 15143;106,8123805;-6,2169346
;84.503.770.4-416.000;GEDUNG ALFA TOWER LT. 28 ,Jl. Jalur Sutera Bar. No.Kav. 7, RW.9, Panunggangan Tim., Kec. Pinang, Kota Tangerang, Banten 15143;106,8086337;-6,2262746
;84.503.770.4-416.000;GEDUNG ALFA TOWER LT.28 ,Jl. Jalur Sutera Bar. No.Kav. 7, RW.9, Panunggangan Tim., Kec. Pinang, Kota Tangerang, Banten 15143;106,7925036;-6,2925551
;02.672.927.7-451.001;KP KADU 003/001 , BUNDER/CIKUPA , TANGERANG;106,9060392;-6,125697
;02.672.927.7-451.001;KP KADU 003/001,BUNDER/CIKUPA ,TANGERANG;106,8212514;-6,3392602
;02.672.927.7-451.001;KP KADU 003/001, BUNDER/CIKUPA , TANGERANG;106,7948606;-6,2467136
;02.672.927.7-451.001;KP KADU 003/001,BUNDER/CIKUPA , TANGERANG;106,8849675;-6,2232286
;02.672.927.7-451.001;KP KADU 003/001,BUNDER/CIKUPA , TANGERANG;106,8554245;-6,2835626
;02.672.927.7-451.001;KP KADU 003/001,BUNDER/CIKUPA , TANGERANG;106,918505;-6,220493
;02.672.927.7-451.000;KP KADU 003/001, BUNDER/CIKUPA , TANGERANG;106,9000438;-6,2175864
;02.672.927.7-451.001;KP KADU 003/001,BUNDER/CIKUPA, TANGERANG;106,866132;-6,2498585
;02.672.927.7-451.001;KP KADU 003/001,BUNDER/CIKUPA,TANGERANG;106,8565347;-6,3398738
;02.672.927.7-451.001;KP KADU 003/001,BUNDER/CIKUPA ,TANGERANG;106,8976183;-6,1980039
;02.672.927.7-451.001;KP KADU 003/001,BUNDER/CIKUPA ,TANGERANG;106,8684609;-6,2881998
;02.672.927.7-451.001;KP KADU 003/001, BUNDER/CIKUPA , TANGERANG;106,7874996;-6,1894123
;84.503.770.4-416.000;GEDUNG ALFA TOWER LT.28 ,Jl. Jalur Sutera Bar. No.Kav. 7, RW.9, Panunggangan Tim., Kec. Pinang, Kota Tangerang, Banten 15143;106,8168234;-6,2243217
;02.672.927.7-451.001;KP KADU 003/001, BUNDER/CIKUPA TANGERANG;106,7184388;-6,1485392
;02.672.927.7-451.001;KP KADU 003/001,BUNDER/CIKUPA, TANGERANG;106,9353576;-6,2048064
;02.672.927.7-451.001;KP KADU 003/001, BUNDER/CIKUPA, TANGERANG;106,9592324;-6,182893
;02.672.927.7-451.001;KP KADU 003/001,BUNDER/CIKUPA , TANGERANG;106,9555441;-6,1971117
;02.672.927.7-451.001;KP KADU 003/001,BUNDER/CIKUPA , TANGERANG;106,8334548;-6,346026
;02.672.927.7-451.001;KP KADU 003/001, BUNDER/CIKUPA ,TANGERANG;106,8267921;-6,2067283
;02.672.927.7-451.001;KP KADU 003/001,BUNDER/CIKUPA, TANGERANG;106,8248712;-6,3463889
;02.672.927.7-451.001;KP KADU 003/001,BUNDER/CIKUPA, TANGERANG;106,8690578;-6,2204834
;84.503.770.4-416.000;GEDUNG ALFA TOWER LT.28, Jl. Jalur Sutera Bar. No.Kav. 7, RW.9, Panunggangan Tim., Kec. Pinang, Kota Tangerang, Banten 15143;106,9250161;-6,2303627
;84.503.770.4-416.000;GEDUNG ALFA TOWER LT.28, Jl. Jalur Sutera Bar. No.Kav. 7, RW.9, Panunggangan Tim., Kec. Pinang, Kota Tangerang, Banten 15143;106,8903831;-6,3403392
;84.503.770.4-416.000;GEDUNG ALFA TOWER LT.28, Jl. Jalur Sutera Bar. No.Kav. 7, RW.9, Panunggangan Tim., Kec. Pinang, Kota Tangerang, Banten 15143;106,8646148;-6,2622111
;84.503.770.4-416.000;GEDUNG ALFA TOWER LT.28, Jl. Jalur Sutera Bar. No.Kav. 7, RW.9, Panunggangan Tim., Kec. Pinang, Kota Tangerang, Banten 15143;106,8125197;-6,1636474
;84.503.770.4-416.000;GEDUNG ALFA TOWER LT, 28 ,Jl. Jalur Sutera Bar. No.Kav. 7, RW.9, Panunggangan Tim., Kec. Pinang, Kota Tangerang, Banten 15143;106,8316383;-6,1376175
;84.503.770.4-416.000;GEDUNG ALFA TOWER LT.28, Jl. Jalur Sutera Bar. No.Kav. 7, RW.9, Panunggangan Tim., Kec. Pinang, Kota Tangerang, Banten 15143;106,8766881;-6,1779826
;02.672.927.7-451.001;KP KADU 003/001,BUNDER/CIKUPA , TANGERANG;106,9091579;-6,252683
;02.672.927.7-451.001;KP KADU 003/001,BUNDER/CIKUPA ,TANGERANG;106,9015227;-6,3285597
;02.672.927.7-451.001;KP KDAU 003/001.BUNDER/CIKUPA , TANGERANG;106,9348373;-6,1695006
;02.672.927.7-451.001;KP KADU 003/001, BUNDER/CIKUPA , TANGERANG;106,8903221;-6,3400212
;02.672.927.7-451.001;KP KADU 003/001, BUNDER/CIKUPA , TANGERANG;106,877079;-6,3225334
;02.672.927.7-451.001;KP KADU 003/001 ,BUNDER/CIKUPA , TANGERANG;106,8504357;-6,3265528
;02.672.927.7-451.001;KP KADU 003/001,BUNDER/CIKUPA , TANGERANG;106,8210862;-6,3040172
;210364048005001;Koperasi jasa marga bakti, JL. Dukuh VI Rt 08/02 Kel Dukuh, Kramat jati;106,8786311;-6,290898818
;02.672.927.7-451.001;KP KADU 003/001,BUNDER/CIKUPA , TANGERANG;106,8055687;-6,2723066
;02.672.927.7-451.001;KP KADU 003/001, BUNDER/CIKUPA ,TANGERANG;106,8334594;-6,264828
3175040003011;013362389054000;Gedung Alfa Tower Lantai 12 Jl. Jalur Sutera Barat Kav.9 Alam Sutera Panunggangan Timur Pinang Kota Tangerang;107,1546303;-6,3122997
317502000102701540;013379946092000;Jl. Ancol I/9-10 Kel. Ancol Kec. Pademangan Jakarta Utara;106,8551236;-6,141961743
;210364048072001;APT. THAMRIN RESIDENCE BLOK RTD/LG/D. 17-18;106,8174218;-6,196920111
317502000602601570;210364048011000;Graha familymart  lT 3A&5, JL. Setiabudi selatan Kav. 10;106,8903072;-6,141387181
317501100302311200;210364048011000;Graha Familymart Lt 3A&5, JL. Setiabudi Selatan Kav. 10;106,8321126;-6,138587108
;210364048011000;Graha Familymart Lt. 3A & 5 , JL. Setiabudi Selatan Kav. 10;106,8968204;-6,152369039
;210364048041001;JL. Pluit Selatan Raya No. 1;106,7892564;-6,12770491
317106000100200840;210364048063002;MENARA STANDARD CHARTERED , JL. PROF. DR. SATRIO NO. 164;106,8188943;-6,217793758
317106000200904260;210364048011000;Graha Familymart Lt 3A & 5, JL. Setiabudi Selatan Kav. 10;106,8245824;-6,230488324
;210364048011000;Graha Familymart LT. 3A & 5, JL. Setiabudi selatan Kav. 10;106,8811922;-6,222577023
3173010005007003330;210364048072003;JL. MH .THAMRIN KAV. 8-9;106,8227624;-6,198393734
317103000100609060;210364048011000;Graha Familymart Lt 3A & 5 , JL. Setiabudi Selatan KAV. 10;106,8106504;-6,290578003
317403100100811370;210364048011000;Graha Familynart LT 3A&5 , JL. Setiabudi Selatan Kav. 10;106,7981712;-6,200337968
;026279277451001;;106,7586734;-6,207596424
317503100202501600;13379946092000;Jl. Ancol I/9-10 Kel. Ancol Kec. Pademangan Jakarta Utara;106,8987767;-6,149067948
;026279277451001;Kp. Kadu RT 003/001 Bunder Cikupa Tangerang;106,7351971;-6,184611532
;210364048077001;WISMA GKBI, JL. JEND. SUDIRMAN KAV. 28;106,8129258;-6,217334418
317104000500300330;210364048014005;GD. CAPITAL PLACE;106,8202781;-6,232411686
317402000201400110;210364048011000;Graha Familymart Lt 3A & 5 , JL. Setiabudi selatan Kav. 10;106,7309198;-6,172532784
317402000201208270;210364048011000;Graha Familymart Lt 3A & 5, JL. Setiabudi Selatan Kav. 10;106,7288129;-6,138550688
317303000100400040;13362389054000;GEDUNG ALFA TOWER Lantai 12 Jalan Jalur Sutera Barat Kav. 9 Alam Sutera, Panunggangan Timur Pinang, Kota Tangerang, Banten;106,8207464;-6,18906099
317303000300300110;13362389054000;GEDUNG ALFA TOWER Lantai 12 Jalan Jalur Sutera Barat Kav. 9 Alam Sutera, Panunggangan Timur Pinang, Kota Tangerang, Banten;106,8207464;-6,18906099
317303000601602670;13362389054000;GEDUNG ALFA TOWER Lantai 12 Jalan Jalur Sutera Barat Kav. 9 Alam Sutera, Panunggangan Timur Pinang, Kota Tangerang, Banten;106,8207464;-6,18906099
317303000601602660;13362389054000;GEDUNG ALFA TOWER Lantai 12 Jalan Jalur Sutera Barat Kav. 9 Alam Sutera, Panunggangan Timur Pinang, Kota Tangerang, Banten;106,8207464;-6,18906099
;13362389054000;GEDUNG ALFA TOWER Lantai 12 Jalan Jalur Sutera Barat Kav. 9 Alam Sutera, Panunggangan Timur Pinang, Kota Tangerang, Banten;106,8207464;-6,18906099
317404000600400640;13362389054000;GEDUNG ALFA TOWER Lantai 12 Jalan Jalur Sutera Barat Kav. 9 Alam Sutera, Panunggangan Timur Pinang, Kota Tangerang, Banten;106,8207464;-6,18906099
317405000200100120;13362389054000;GEDUNG ALFA TOWER Lantai 12 Jalan Jalur Sutera Barat Kav. 9 Alam Sutera, Panunggangan Timur Pinang, Kota Tangerang, Banten;106,8207464;-6,18906099
317405000400401190;13362389054000;GEDUNG ALFA TOWER Lantai 12 Jalan Jalur Sutera Barat Kav. 9 Alam Sutera, Panunggangan Timur Pinang, Kota Tangerang, Banten;106,8207464;-6,18906099
317401000700201420;13362389054000;GEDUNG ALFA TOWER Lantai 12 Jalan Jalur Sutera Barat Kav. 9 Alam Sutera, Panunggangan Timur Pinang, Kota Tangerang, Banten;106,8207464;-6,18906099
317401000201200390;13362389054000;GEDUNG ALFA TOWER Lantai 12 Jalan Jalur Sutera Barat Kav. 9 Alam Sutera, Panunggangan Timur Pinang, Kota Tangerang, Banten;106,8207464;-6,18906099
317401000400400170;13362389054000;GEDUNG ALFA TOWER Lantai 12 Jalan Jalur Sutera Barat Kav. 9 Alam Sutera, Panunggangan Timur Pinang, Kota Tangerang, Banten;106,8207464;-6,18906099
317401000400204100;13362389054000;GEDUNG ALFA TOWER Lantai 12 Jalan Jalur Sutera Barat Kav. 9 Alam Sutera, Panunggangan Timur Pinang, Kota Tangerang, Banten;106,8207464;-6,18906099
317403100102601080;13362389054000;GEDUNG ALFA TOWER Lantai 12 Jalan Jalur Sutera Barat Kav. 9 Alam Sutera, Panunggangan Timur Pinang, Kota Tangerang, Banten;106,8207464;-6,18906099
317403100100802380;13362389054000;GEDUNG ALFA TOWER Lantai 12 Jalan Jalur Sutera Barat Kav. 9 Alam Sutera, Panunggangan Timur Pinang, Kota Tangerang, Banten;106,8207464;-6,18906099
317403100100602050;13362389054000;GEDUNG ALFA TOWER Lantai 12 Jalan Jalur Sutera Barat Kav. 9 Alam Sutera, Panunggangan Timur Pinang, Kota Tangerang, Banten;106,8207464;-6,18906099
317401000402901350;13362389054000;GEDUNG ALFA TOWER Lantai 12 Jalan Jalur Sutera Barat Kav. 9 Alam Sutera, Panunggangan Timur Pinang, Kota Tangerang, Banten;106,8207464;-6,18906099
317401000301201270;13362389054000;GEDUNG ALFA TOWER Lantai 12 Jalan Jalur Sutera Barat Kav. 9 Alam Sutera, Panunggangan Timur Pinang, Kota Tangerang, Banten;106,8207464;-6,18906099
317401000801005770;13362389054000;GEDUNG ALFA TOWER Lantai 12 Jalan Jalur Sutera Barat Kav. 9 Alam Sutera, Panunggangan Timur Pinang, Kota Tangerang, Banten;106,8207464;-6,18906099
317403000700902070;13362389054000;GEDUNG ALFA TOWER Lantai 12 Jalan Jalur Sutera Barat Kav. 9 Alam Sutera, Panunggangan Timur Pinang, Kota Tangerang, Banten;106,8207464;-6,18906099
317403000700902070;13362389054000;GEDUNG ALFA TOWER Lantai 12 Jalan Jalur Sutera Barat Kav. 9 Alam Sutera, Panunggangan Timur Pinang, Kota Tangerang, Banten;106,8207464;-6,18906099
317404000801201760;13362389054000;GEDUNG ALFA TOWER Lantai 12 Jalan Jalur Sutera Barat Kav. 9 Alam Sutera, Panunggangan Timur Pinang, Kota Tangerang, Banten;106,8207464;-6,18906099
317404000302301020;13362389054000;GEDUNG ALFA TOWER Lantai 12 Jalan Jalur Sutera Barat Kav. 9 Alam Sutera, Panunggangan Timur Pinang, Kota Tangerang, Banten;106,8207464;-6,18906099
317403100700302290;13362389054000;GEDUNG ALFA TOWER Lantai 12 Jalan Jalur Sutera Barat Kav. 9 Alam Sutera, Panunggangan Timur Pinang, Kota Tangerang, Banten;106,8207464;-6,18906099
317403000701701970;13362389054000;GEDUNG ALFA TOWER Lantai 12 Jalan Jalur Sutera Barat Kav. 9 Alam Sutera, Panunggangan Timur Pinang, Kota Tangerang, Banten;106,8207464;-6,18906099
